EmpId,EmpName,EmpSalary,EmpDesignation
1,Ashutosh Mohanty 1,90000,Software Dev
2,Ashutosh Mohanty 2,90001,Software Dev
3,Ashutosh Mohanty 3,90002,Software Dev
4,Ashutosh Mohanty 4,90003,Software Dev
5,Ashutosh Mohanty 5,90004,Software Dev
6,Ashutosh Mohanty 6,90005,Software Dev
7,Ashutosh Mohanty 7,90006,Software Dev
8,Ashutosh Mohanty 8,90007,Software Dev
9,Ashutosh Mohanty 9,90008,Software Dev
10,Ashutosh Mohanty 10,90009,Software Dev
11,Ashutosh Mohanty 11,90010,Software Dev
12,Ashutosh Mohanty 12,90011,Software Dev
13,Ashutosh Mohanty 13,90012,Software Dev
14,Ashutosh Mohanty 14,90013,Software Dev
15,Ashutosh Mohanty 15,90014,Software Dev
16,Ashutosh Mohanty 16,90015,Software Dev
17,Ashutosh Mohanty 17,90016,Software Dev
18,Ashutosh Mohanty 18,90017,Software Dev
19,Ashutosh Mohanty 19,90018,Software Dev
20,Ashutosh Mohanty 20,90019,Software Dev
21,Ashutosh Mohanty 21,90020,Software Dev
22,Ashutosh Mohanty 22,90021,Software Dev
23,Ashutosh Mohanty 23,90022,Software Dev
24,Ashutosh Mohanty 24,90023,Software Dev
25,Ashutosh Mohanty 25,90024,Software Dev
26,Ashutosh Mohanty 26,90025,Software Dev
27,Ashutosh Mohanty 27,90026,Software Dev
28,Ashutosh Mohanty 28,90027,Software Dev
29,Ashutosh Mohanty 29,90028,Software Dev
30,Ashutosh Mohanty 30,90029,Software Dev
31,Ashutosh Mohanty 31,90030,Software Dev
32,Ashutosh Mohanty 32,90031,Software Dev
33,Ashutosh Mohanty 33,90032,Software Dev
34,Ashutosh Mohanty 34,90033,Software Dev
35,Ashutosh Mohanty 35,90034,Software Dev
36,Ashutosh Mohanty 36,90035,Software Dev
37,Ashutosh Mohanty 37,90036,Software Dev
38,Ashutosh Mohanty 38,90037,Software Dev
39,Ashutosh Mohanty 39,90038,Software Dev
40,Ashutosh Mohanty 40,90039,Software Dev
41,Ashutosh Mohanty 41,90040,Software Dev
42,Ashutosh Mohanty 42,90041,Software Dev
43,Ashutosh Mohanty 43,90042,Software Dev
44,Ashutosh Mohanty 44,90043,Software Dev
45,Ashutosh Mohanty 45,90044,Software Dev
46,Ashutosh Mohanty 46,90045,Software Dev
47,Ashutosh Mohanty 47,90046,Software Dev
48,Ashutosh Mohanty 48,90047,Software Dev
49,Ashutosh Mohanty 49,90048,Software Dev
50,Ashutosh Mohanty 50,90049,Software Dev
51,Ashutosh Mohanty 51,90050,Software Dev
52,Ashutosh Mohanty 52,90051,Software Dev
53,Ashutosh Mohanty 53,90052,Software Dev
54,Ashutosh Mohanty 54,90053,Software Dev
55,Ashutosh Mohanty 55,90054,Software Dev
56,Ashutosh Mohanty 56,90055,Software Dev
57,Ashutosh Mohanty 57,90056,Software Dev
58,Ashutosh Mohanty 58,90057,Software Dev
59,Ashutosh Mohanty 59,90058,Software Dev
60,Ashutosh Mohanty 60,90059,Software Dev
61,Ashutosh Mohanty 61,90060,Software Dev
62,Ashutosh Mohanty 62,90061,Software Dev
63,Ashutosh Mohanty 63,90062,Software Dev
64,Ashutosh Mohanty 64,90063,Software Dev
65,Ashutosh Mohanty 65,90064,Software Dev
66,Ashutosh Mohanty 66,90065,Software Dev
67,Ashutosh Mohanty 67,90066,Software Dev
68,Ashutosh Mohanty 68,90067,Software Dev
69,Ashutosh Mohanty 69,90068,Software Dev
70,Ashutosh Mohanty 70,90069,Software Dev
71,Ashutosh Mohanty 71,90070,Software Dev
72,Ashutosh Mohanty 72,90071,Software Dev
73,Ashutosh Mohanty 73,90072,Software Dev
74,Ashutosh Mohanty 74,90073,Software Dev
75,Ashutosh Mohanty 75,90074,Software Dev
76,Ashutosh Mohanty 76,90075,Software Dev
77,Ashutosh Mohanty 77,90076,Software Dev
78,Ashutosh Mohanty 78,90077,Software Dev
79,Ashutosh Mohanty 79,90078,Software Dev
80,Ashutosh Mohanty 80,90079,Software Dev
81,Ashutosh Mohanty 81,90080,Software Tester
82,Ashutosh Mohanty 82,90081,Software Tester
83,Ashutosh Mohanty 83,90082,Software Tester
84,Ashutosh Mohanty 84,90083,Software Tester
85,Ashutosh Mohanty 85,90084,Software Tester
86,Ashutosh Mohanty 86,90085,Software Tester
87,Ashutosh Mohanty 87,90086,Software Tester
88,Ashutosh Mohanty 88,90087,Software Tester
89,Ashutosh Mohanty 89,90088,Software Tester
90,Ashutosh Mohanty 90,90089,Software Tester
91,Ashutosh Mohanty 91,90090,Software Tester
92,Ashutosh Mohanty 92,90091,Software Tester
93,Ashutosh Mohanty 93,90092,Software Tester
94,Ashutosh Mohanty 94,90093,Software Tester
95,Ashutosh Mohanty 95,90094,Software Tester
96,Ashutosh Mohanty 96,90095,Software Tester
97,Ashutosh Mohanty 97,90096,Software Tester
98,Ashutosh Mohanty 98,90097,Software Tester
99,Ashutosh Mohanty 99,90098,Software Tester
100,Ashutosh Mohanty 100,90099,Software Tester
101,Ashutosh Mohanty 101,90100,Software Tester
102,Ashutosh Mohanty 102,90101,Software Tester
103,Ashutosh Mohanty 103,90102,Software Tester
104,Ashutosh Mohanty 104,90103,Software Tester
105,Ashutosh Mohanty 105,90104,Software Tester
106,Ashutosh Mohanty 106,90105,Software Tester
107,Ashutosh Mohanty 107,90106,Software Tester
108,Ashutosh Mohanty 108,90107,Software Tester
109,Ashutosh Mohanty 109,90108,Software Tester
110,Ashutosh Mohanty 110,90109,Software Tester
111,Ashutosh Mohanty 111,90110,Software Tester
112,Ashutosh Mohanty 112,90111,Software Tester
113,Ashutosh Mohanty 113,90112,Software Tester
114,Ashutosh Mohanty 114,90113,Software Tester
115,Ashutosh Mohanty 115,90114,Software Tester
116,Ashutosh Mohanty 116,90115,Software Tester
117,Ashutosh Mohanty 117,90116,Software Tester
118,Ashutosh Mohanty 118,90117,Software Tester
119,Ashutosh Mohanty 119,90118,Software Tester
120,Ashutosh Mohanty 120,90119,Software Tester
121,Ashutosh Mohanty 121,90120,Software Tester
122,Ashutosh Mohanty 122,90121,Software Tester
123,Ashutosh Mohanty 123,90122,Software Tester
124,Ashutosh Mohanty 124,90123,Software Tester
125,Ashutosh Mohanty 125,90124,Software Tester
126,Ashutosh Mohanty 126,90125,Software Tester
127,Ashutosh Mohanty 127,90126,Software Tester
128,Ashutosh Mohanty 128,90127,Software Tester
129,Ashutosh Mohanty 129,90128,Software Tester
130,Ashutosh Mohanty 130,90129,Software Tester
131,Ashutosh Mohanty 131,90130,Software Tester
132,Ashutosh Mohanty 132,90131,Software Tester
133,Ashutosh Mohanty 133,90132,Software Tester
134,Brandon 1,90133,Software Tester
135,Brandon 2,90134,Software Tester
136,Brandon 3,90135,Software Tester
137,Brandon 4,90136,Software Tester
138,Brandon 5,90137,Software Tester
139,Brandon 6,90138,Software Tester
140,Brandon 7,90139,Software Tester
141,Brandon 8,90140,Software Tester
142,Brandon 9,90141,Software Tester
143,Brandon 10,90142,Software Tester
144,Brandon 11,90143,Software Tester
145,Brandon 12,90144,Software Tester
146,Brandon 13,90145,Software Tester
147,Brandon 14,90146,Software Tester
148,Brandon 15,90147,Software Tester
149,Brandon 16,90148,Software Tester
150,Brandon 17,90149,Software Tester
151,Brandon 18,90150,Software Tester
152,Brandon 19,90151,Software Tester
153,Brandon 20,90152,Software Tester
154,Brandon 21,90153,Software Tester
155,Brandon 22,90154,Software Tester
156,Brandon 23,90155,Software Tester
157,Brandon 24,90156,Software Tester
158,Brandon 25,90157,Software Tester
159,Brandon 26,90158,Software Tester
160,Brandon 27,90159,Software Tester
161,Brandon 28,90160,Software Tester
162,Brandon 29,90161,Software Tester
163,Brandon 30,90162,Software Tester
164,Brandon 31,90163,Software Tester
165,Brandon 32,90164,Software Tester
166,Brandon 33,90165,Software Tester
167,Brandon 34,90166,Software Tester
168,Brandon 35,90167,Software Tester
169,Brandon 36,90168,Software Tester
170,Brandon 37,90169,Software Tester
171,Brandon 38,90170,Software Tester
172,Brandon 39,90171,Software Tester
173,Brandon 40,90172,Software Tester
174,Brandon 41,90173,Software Tester
175,Brandon 42,90174,Software Tester
176,Brandon 43,90175,Software Tester
177,Brandon 44,90176,Software Tester
178,Brandon 45,90177,Software Tester
179,Brandon 46,90178,Software Tester
180,Brandon 47,90179,Software Tester
181,Brandon 48,90180,Software Tester
182,Brandon 49,90181,Software Tester
183,Brandon 50,90182,Software Tester
184,Brandon 51,90183,Software Tester
185,Brandon 52,90184,Software Tester
186,Brandon 53,90185,Software Tester
187,Brandon 54,90186,Software Tester
188,Brandon 55,90187,Software Tester
189,Brandon 56,90188,Software Tester
190,Brandon 57,90189,Software Tester
191,Brandon 58,90190,Software Tester
192,Brandon 59,90191,Software Tester
193,Brandon 60,90192,Software Tester
194,Brandon 61,90193,Software Tester
195,Brandon 62,90194,Software Tester
196,Brandon 63,90195,Software Tester
197,Brandon 64,90196,Software Tester
198,Brandon 65,90197,Software Tester
199,Brandon 66,90198,Software Tester
200,Brandon 67,90199,Software Tester
201,Brandon 68,90200,Software Tester
202,Brandon 69,90201,Software Tester
203,Brandon 70,90202,Software Tester
204,Brandon 71,90203,Software Tester
205,Brandon 72,90204,Software Tester
206,Brandon 73,90205,Software Tester
207,Brandon 74,90206,Software Tester
208,Brandon 75,90207,Software Tester
209,Brandon 76,90208,Software Tester
210,Brandon 77,90209,Software Tester
211,Brandon 78,90210,Software Tester
212,Brandon 79,90211,Software Tester
213,Brandon 80,90212,Software Tester
214,Brandon 81,90213,Software Tester
215,Brandon 82,90214,Software Tester
216,Brandon 83,90215,Software Tester
217,Brandon 84,90216,Software Tester
218,Brandon 85,90217,Software Tester
219,Brandon 86,90218,Software Tester
220,Brandon 87,90219,Software Tester
221,Brandon 88,90220,Software Tester
222,Brandon 89,90221,Software Tester
223,Brandon 90,90222,Software Tester
224,Brandon 91,90223,Software Tester
225,Brandon 92,90224,Software Tester
226,Brandon 93,90225,Software Tester
227,Brandon 94,90226,Software Tester
228,Brandon 95,90227,Software Tester
229,Brandon 96,90228,Software Tester
230,Brandon 97,90229,Software Tester
231,Brandon 98,90230,Software Tester
232,Brandon 99,90231,Software Tester
233,Brandon 100,90232,Software Tester
234,Brandon 101,90233,Software Tester
235,Brandon 102,90234,Software Tester
236,Brandon 103,90235,Software Tester
237,Brandon 104,90236,Software Tester
238,Brandon 105,90237,Software Tester
239,Brandon 106,90238,Software Tester
240,Brandon 107,90239,Cloud Architect
241,Brandon 108,90240,Cloud Architect
242,Brandon 109,90241,Cloud Architect
243,Brandon 110,90242,Cloud Architect
244,Brandon 111,90243,Cloud Architect
245,Brandon 112,90244,Cloud Architect
246,Brandon 113,90245,Cloud Architect
247,Brandon 114,90246,Cloud Architect
248,Brandon 115,90247,Cloud Architect
249,Brandon 116,90248,Cloud Architect
250,Brandon 117,90249,Cloud Architect
251,Brandon 118,90250,Cloud Architect
252,Brandon 119,90251,Cloud Architect
253,Brandon 120,90252,Cloud Architect
254,Brandon 121,90253,Cloud Architect
255,Brandon 122,90254,Cloud Architect
256,Brandon 123,90255,Cloud Architect
257,Brandon 124,90256,Cloud Architect
258,Brandon 125,90257,Cloud Architect
259,Brandon 126,90258,Cloud Architect
260,Brandon 127,90259,Cloud Architect
261,Brandon 128,90260,Cloud Architect
262,Brandon 129,90261,Cloud Architect
263,Brandon 130,90262,Cloud Architect
264,Brandon 131,90263,Cloud Architect
265,Brandon 132,90264,Cloud Architect
266,Brandon 133,90265,Cloud Architect
267,Brandon 134,90266,Cloud Architect
268,Brandon 135,90267,Cloud Architect
269,Jason Smith 1,90268,Cloud Architect
270,Jason Smith 2,90269,Cloud Architect
271,Jason Smith 3,90270,Cloud Architect
272,Jason Smith 4,90271,Cloud Architect
273,Jason Smith 5,90272,Cloud Architect
274,Jason Smith 6,90273,Cloud Architect
275,Jason Smith 7,90274,Cloud Architect
276,Jason Smith 8,90275,Cloud Architect
277,Jason Smith 9,90276,Cloud Architect
278,Jason Smith 10,90277,Cloud Architect
279,Jason Smith 11,90278,Cloud Architect
280,Jason Smith 12,90279,Cloud Architect
281,Jason Smith 13,90280,Cloud Architect
282,Jason Smith 14,90281,Cloud Architect
283,Jason Smith 15,90282,Cloud Architect
284,Jason Smith 16,90283,Cloud Architect
285,Jason Smith 17,90284,Cloud Architect
286,Jason Smith 18,90285,Cloud Architect
287,Jason Smith 19,90286,Cloud Architect
288,Jason Smith 20,90287,Cloud Architect
289,Jason Smith 21,90288,Cloud Architect
290,Jason Smith 22,90289,Cloud Architect
291,Jason Smith 23,90290,Cloud Architect
292,Jason Smith 24,90291,Cloud Architect
293,Jason Smith 25,90292,Cloud Architect
294,Jason Smith 26,90293,Cloud Architect
295,Jason Smith 27,90294,Cloud Architect
296,Jason Smith 28,90295,Cloud Architect
297,Jason Smith 29,90296,Cloud Architect
298,Jason Smith 30,90297,Cloud Architect
299,Jason Smith 31,90298,Cloud Architect
300,Jason Smith 32,90299,Cloud Architect
301,Jason Smith 33,90300,Cloud Architect
302,Jason Smith 34,90301,Cloud Architect
303,Jason Smith 35,90302,Cloud Architect
304,Jason Smith 36,90303,Cloud Architect
305,Jason Smith 37,90304,Cloud Architect
306,Jason Smith 38,90305,Cloud Architect
307,Jason Smith 39,90306,Cloud Architect
308,Jason Smith 40,90307,Cloud Architect
309,Jason Smith 41,90308,Cloud Architect
310,Jason Smith 42,90309,Cloud Architect
311,Jason Smith 43,90310,Cloud Architect
312,Jason Smith 44,90311,Cloud Architect
313,Jason Smith 45,90312,Cloud Architect
314,Jason Smith 46,90313,Cloud Architect
315,Jason Smith 47,90314,Cloud Architect
316,Jason Smith 48,90315,Cloud Architect
317,Jason Smith 49,90316,Cloud Architect
318,Jason Smith 50,90317,Cloud Architect
319,Jason Smith 51,90318,Cloud Architect
320,Jason Smith 52,90319,Cloud Architect
321,Jason Smith 53,90320,Cloud Architect
322,Jason Smith 54,90321,Cloud Architect
323,Jason Smith 55,90322,Cloud Architect
324,Jason Smith 56,90323,Cloud Architect
325,Jason Smith 57,90324,Cloud Architect
326,Jason Smith 58,90325,Cloud Architect
327,Jason Smith 59,90326,Cloud Architect
328,Jason Smith 60,90327,Cloud Architect
329,Jason Smith 61,90328,Cloud Architect
330,Jason Smith 62,90329,Cloud Architect
331,Jason Smith 63,90330,Cloud Architect
332,Jason Smith 64,90331,Cloud Architect
333,Jason Smith 65,90332,Cloud Architect
334,Jason Smith 66,90333,Cloud Architect
335,Jason Smith 67,90334,Cloud Architect
336,Jason Smith 68,90335,Cloud Architect
337,Jason Smith 69,90336,Cloud Architect
338,Jason Smith 70,90337,Cloud Architect
339,Jason Smith 71,90338,Cloud Architect
340,Jason Smith 72,90339,Cloud Architect
341,Jason Smith 73,90340,Cloud Architect
342,Jason Smith 74,90341,Cloud Architect
343,Jason Smith 75,90342,Cloud Architect
344,Jason Smith 76,90343,Cloud Architect
345,Jason Smith 77,90344,Cloud Architect
346,Jason Smith 78,90345,Cloud Architect
347,Jason Smith 79,90346,Cloud Architect
348,Jason Smith 80,90347,Cloud Architect
349,Jason Smith 81,90348,Cloud Architect
350,Jason Smith 82,90349,Cloud Architect
351,Jason Smith 83,90350,Cloud Architect
352,Madona 1,90351,Cloud Architect
353,Madona 2,90352,Cloud Architect
354,Madona 3,90353,Cloud Architect
355,Madona 4,90354,Cloud Architect
356,Madona 5,90355,Cloud Architect
357,Madona 6,90356,Cloud Architect
358,Madona 7,90357,Cloud Architect
359,Madona 8,90358,Cloud Architect
360,Madona 9,90359,Cloud Architect
361,Madona 10,90360,Cloud Architect
362,Madona 11,90361,Cloud Architect
363,Madona 12,90362,Cloud Architect
364,Madona 13,90363,Cloud Architect
365,Madona 14,90364,Cloud Architect
366,Madona 15,90365,Cloud Architect
367,Madona 16,90366,Cloud Architect
368,Madona 17,90367,Cloud Architect
369,Madona 18,90368,Cloud Architect
370,Madona 19,90369,Cloud Architect
371,Madona 20,90370,Project Manager
372,Madona 21,90371,Project Manager
373,Madona 22,90372,Project Manager
374,Madona 23,90373,Project Manager
375,Madona 24,90374,Project Manager
376,Madona 25,90375,Project Manager
377,Madona 26,90376,Project Manager
378,Madona 27,90377,Project Manager
379,Madona 28,90378,Project Manager
380,Madona 29,90379,Project Manager
381,Madona 30,90380,Project Manager
382,Madona 31,90381,Project Manager
383,Madona 32,90382,Project Manager
384,Madona 33,90383,Project Manager
385,Madona 34,90384,Project Manager
386,Madona 35,90385,Project Manager
387,Madona 36,90386,Project Manager
388,Madona 37,90387,Project Manager
389,Madona 38,90388,Project Manager
390,Madona 39,90389,Project Manager
391,Madona 40,90390,Project Manager
392,Madona 41,90391,Project Manager
393,Madona 42,90392,Project Manager
394,Madona 43,90393,Project Manager
395,Madona 44,90394,Project Manager
396,Madona 45,90395,Project Manager
397,Madona 46,90396,Project Manager
398,Madona 47,90397,Project Manager
399,Madona 48,90398,Project Manager
400,Madona 49,90399,Project Manager
401,Madona 50,90400,Project Manager
402,Madona 51,90401,Project Manager
403,Madona 52,90402,Project Manager
404,Madona 53,90403,Project Manager
405,Madona 54,90404,Project Manager
406,Madona 55,90405,Project Manager
407,Madona 56,90406,Project Manager
408,Madona 57,90407,Project Manager
409,Madona 58,90408,Project Manager
410,Madona 59,90409,Project Manager
411,Madona 60,90410,Project Manager
412,Madona 61,90411,Project Manager
413,Madona 62,90412,Project Manager
414,Madona 63,90413,Project Manager
415,Madona 64,90414,Project Manager
416,Madona 65,90415,Project Manager
417,Madona 66,90416,Project Manager
418,Madona 67,90417,Project Manager
419,Madona 68,90418,Project Manager
420,Madona 69,90419,Project Manager
421,Madona 70,90420,Project Manager
422,Madona 71,90421,Project Manager
423,Madona 72,90422,Project Manager
424,Madona 73,90423,Project Manager
425,Madona 74,90424,Project Manager
426,Taylor Swift 1,90425,Project Manager
427,Taylor Swift 2,90426,Project Manager
428,Taylor Swift 3,90427,Project Manager
429,Taylor Swift 4,90428,Project Manager
430,Taylor Swift 5,90429,Project Manager
431,Taylor Swift 6,90430,Project Manager
432,Taylor Swift 7,90431,Project Manager
433,Taylor Swift 8,90432,Project Manager
434,Taylor Swift 9,90433,Project Manager
435,Taylor Swift 10,90434,Project Manager
436,Taylor Swift 11,90435,Project Manager
437,Taylor Swift 12,90436,Project Manager
438,Taylor Swift 13,90437,Project Manager
439,Taylor Swift 14,90438,Project Manager
440,Taylor Swift 15,90439,Project Manager
441,Taylor Swift 16,90440,Project Manager
442,Taylor Swift 17,90441,Project Manager
443,Taylor Swift 18,90442,Project Manager
444,Taylor Swift 19,90443,Project Manager
445,Taylor Swift 20,90444,Project Manager
446,Taylor Swift 21,90445,Project Manager
447,Taylor Swift 22,90446,Project Manager
448,Taylor Swift 23,90447,Project Manager
449,Taylor Swift 24,90448,Project Manager
450,Taylor Swift 25,90449,Project Manager
451,Taylor Swift 26,90450,Project Manager
452,Taylor Swift 27,90451,Project Manager
453,Taylor Swift 28,90452,Project Manager
454,Taylor Swift 29,90453,Project Manager
455,Taylor Swift 30,90454,Project Manager
456,Taylor Swift 31,90455,Project Manager
457,Taylor Swift 32,90456,Project Manager
458,Taylor Swift 33,90457,Project Manager
459,Taylor Swift 34,90458,Project Manager
460,Taylor Swift 35,90459,Project Manager
461,Taylor Swift 36,90460,Project Manager
462,Taylor Swift 37,90461,Project Manager
463,Taylor Swift 38,90462,Project Manager
464,Taylor Swift 39,90463,Project Manager
465,Taylor Swift 40,90464,Project Manager
466,Taylor Swift 41,90465,Project Manager
467,Taylor Swift 42,90466,Product Owner
468,Taylor Swift 43,90467,Product Owner
469,Taylor Swift 44,90468,Product Owner
470,Taylor Swift 45,90469,Product Owner
471,Taylor Swift 46,90470,Product Owner
472,Taylor Swift 47,90471,Product Owner
473,Taylor Swift 48,90472,Product Owner
474,Taylor Swift 49,90473,Product Owner
475,Taylor Swift 50,90474,Product Owner
476,Taylor Swift 51,90475,Product Owner
477,Taylor Swift 52,90476,Product Owner
478,Taylor Swift 53,90477,Product Owner
479,Taylor Swift 54,90478,Product Owner
480,Taylor Swift 55,90479,Product Owner
481,Taylor Swift 56,90480,Product Owner
482,Taylor Swift 57,90481,Product Owner
483,Taylor Swift 58,90482,Product Owner
484,Taylor Swift 59,90483,Product Owner
485,Taylor Swift 60,90484,Product Owner
486,Taylor Swift 61,90485,Product Owner
487,Taylor Swift 62,90486,Product Owner
488,Taylor Swift 63,90487,Product Owner
489,Taylor Swift 64,90488,Product Owner
490,Taylor Swift 65,90489,Product Owner
491,Taylor Swift 66,90490,Product Owner
492,Taylor Swift 67,90491,Product Owner
493,Taylor Swift 68,90492,Product Owner
494,Taylor Swift 69,90493,Product Owner
495,Taylor Swift 70,90494,Product Owner
496,Taylor Swift 71,90495,Product Owner
497,Taylor Swift 72,90496,Product Owner
498,Taylor Swift 73,90497,Product Owner
499,Taylor Swift 74,90498,Product Owner
500,Taylor Swift 75,90499,Product Owner
501,Taylor Swift 76,90500,Product Owner
502,Taylor Swift 77,90501,Product Owner
503,Taylor Swift 78,90502,Product Owner
504,Taylor Swift 79,90503,Product Owner
505,Taylor Swift 80,90504,Product Owner
506,Taylor Swift 81,90505,Product Owner
507,Taylor Swift 82,90506,Product Owner
508,Taylor Swift 83,90507,Product Owner
509,Taylor Swift 84,90508,Product Owner
510,Taylor Swift 85,90509,Product Owner
511,Taylor Swift 86,90510,Product Owner
512,Taylor Swift 87,90511,Product Owner
513,Taylor Swift 88,90512,Product Owner
514,Taylor Swift 89,90513,Product Owner
515,Taylor Swift 90,90514,Product Owner
516,Taylor Swift 91,90515,Product Owner
517,Taylor Swift 92,90516,Product Owner
518,Taylor Swift 93,90517,Product Owner
519,Taylor Swift 94,90518,Product Owner
520,Taylor Swift 95,90519,Product Owner
521,Taylor Swift 96,90520,Product Owner
522,Taylor Swift 97,90521,Product Owner
523,Taylor Swift 98,90522,Product Owner
524,Taylor Swift 99,90523,Product Owner
525,Taylor Swift 100,90524,Product Owner
526,Taylor Swift 101,90525,Product Owner
527,Taylor Swift 102,90526,Product Owner
528,Taylor Swift 103,90527,Product Owner
529,Taylor Swift 104,90528,Product Owner
530,Taylor Swift 105,90529,Product Owner
531,Taylor Swift 106,90530,Product Owner
532,Taylor Swift 107,90531,Product Owner
533,Taylor Swift 108,90532,Product Owner
534,Taylor Swift 109,90533,Product Owner
535,Taylor Swift 110,90534,Product Owner
536,Taylor Swift 111,90535,Product Owner
537,Taylor Swift 112,90536,Product Owner
538,Taylor Swift 113,90537,Product Owner
539,Taylor Swift 114,90538,Product Owner
540,Taylor Swift 115,90539,Product Owner
541,Taylor Swift 116,90540,Product Owner
542,Taylor Swift 117,90541,Product Owner
543,Taylor Swift 118,90542,Product Owner
544,Taylor Swift 119,90543,Product Owner
545,Taylor Swift 120,90544,Product Owner
546,Taylor Swift 121,90545,Product Owner
547,Taylor Swift 122,90546,Product Owner
548,Taylor Swift 123,90547,Product Owner
549,Taylor Swift 124,90548,Product Owner
550,Taylor Swift 125,90549,Product Owner
551,Taylor Swift 126,90550,Product Owner
552,Taylor Swift 127,90551,Product Owner
553,Taylor Swift 128,90552,Product Owner
554,Taylor Swift 129,90553,Product Owner
555,Taylor Swift 130,90554,Product Owner
556,Taylor Swift 131,90555,Product Owner
557,Taylor Swift 132,90556,Product Owner
558,Taylor Swift 133,90557,Product Owner
559,Taylor Swift 134,90558,Product Owner
560,Taylor Swift 135,90559,Product Owner
561,Taylor Swift 136,90560,Product Owner
562,Taylor Swift 137,90561,Product Owner
563,Taylor Swift 138,90562,Product Owner
564,Taylor Swift 139,90563,Product Owner
565,Taylor Swift 140,90564,Product Owner
566,Taylor Swift 141,90565,Product Owner
567,Taylor Swift 142,90566,Product Owner
568,Taylor Swift 143,90567,Product Owner
569,Taylor Swift 144,90568,Product Owner
570,Taylor Swift 145,90569,Product Owner
571,Taylor Swift 146,90570,Product Owner
572,Taylor Swift 147,90571,Product Owner
573,Taylor Swift 148,90572,Product Owner
574,Taylor Swift 149,90573,Product Owner
575,Taylor Swift 150,90574,Product Owner
576,Taylor Swift 151,90575,Product Owner
577,Taylor Swift 152,90576,Product Owner
578,Taylor Swift 153,90577,Product Owner
579,Taylor Swift 154,90578,Product Owner
580,Taylor Swift 155,90579,Product Owner
581,Taylor Swift 156,90580,Product Owner
582,Taylor Swift 157,90581,Product Owner
583,Taylor Swift 158,90582,Product Owner
584,Taylor Swift 159,90583,Product Owner
585,Taylor Swift 160,90584,Product Owner
586,Taylor Swift 161,90585,Product Owner
587,Taylor Swift 162,90586,Product Owner
588,Taylor Swift 163,90587,Product Owner
589,Taylor Swift 164,90588,Product Owner
590,Taylor Swift 165,90589,Product Owner
591,Taylor Swift 166,90590,Product Owner
592,Taylor Swift 167,90591,Product Owner
593,Taylor Swift 168,90592,Product Owner
594,Taylor Swift 169,90593,Product Owner
595,Taylor Swift 170,90594,Product Owner
596,Taylor Swift 171,90595,Product Owner
597,Taylor Swift 172,90596,Product Owner
598,Taylor Swift 173,90597,Product Owner
599,Taylor Swift 174,90598,Product Owner
600,Taylor Swift 175,90599,Product Owner
601,Taylor Swift 176,90600,Product Owner
602,Taylor Swift 177,90601,Product Owner
603,Taylor Swift 178,90602,Product Owner
604,Taylor Swift 179,90603,Product Owner
605,Taylor Swift 180,90604,Product Owner
606,Taylor Swift 181,90605,Product Owner
607,Taylor Swift 182,90606,Product Owner
608,Taylor Swift 183,90607,Product Owner
609,Taylor Swift 184,90608,Product Owner
610,Taylor Swift 185,90609,Product Owner
611,Taylor Swift 186,90610,Product Owner
612,Taylor Swift 187,90611,Product Owner
613,Taylor Swift 188,90612,Product Owner
614,Taylor Swift 189,90613,Frontend Developer
615,Taylor Swift 190,90614,Frontend Developer
616,Taylor Swift 191,90615,Frontend Developer
617,Taylor Swift 192,90616,Frontend Developer
618,Taylor Swift 193,90617,Frontend Developer
619,Taylor Swift 194,90618,Frontend Developer
620,Taylor Swift 195,90619,Frontend Developer
621,Taylor Swift 196,90620,Frontend Developer
622,Taylor Swift 197,90621,Frontend Developer
623,Taylor Swift 198,90622,Frontend Developer
624,Taylor Swift 199,90623,Frontend Developer
625,Taylor Swift 200,90624,Frontend Developer
626,Taylor Swift 201,90625,Frontend Developer
627,Taylor Swift 202,90626,Frontend Developer
628,Taylor Swift 203,90627,Frontend Developer
629,Taylor Swift 204,90628,Frontend Developer
630,Taylor Swift 205,90629,Frontend Developer
631,Taylor Swift 206,90630,Frontend Developer
632,Taylor Swift 207,90631,Frontend Developer
633,Taylor Swift 208,90632,Frontend Developer
634,Taylor Swift 209,90633,Frontend Developer
635,Taylor Swift 210,90634,Frontend Developer
636,Taylor Swift 211,90635,Frontend Developer
637,Taylor Swift 212,90636,Frontend Developer
638,Taylor Swift 213,90637,Frontend Developer
639,Taylor Swift 214,90638,Frontend Developer
640,Taylor Swift 215,90639,Frontend Developer
641,Taylor Swift 216,90640,Frontend Developer
642,Taylor Swift 217,90641,Frontend Developer
643,Taylor Swift 218,90642,Frontend Developer
644,Taylor Swift 219,90643,Frontend Developer
645,Taylor Swift 220,90644,Frontend Developer
646,Taylor Swift 221,90645,Frontend Developer
647,Taylor Swift 222,90646,Frontend Developer
648,Taylor Swift 223,90647,Frontend Developer
649,Taylor Swift 224,90648,Frontend Developer
650,Taylor Swift 225,90649,Frontend Developer
651,Taylor Swift 226,90650,Frontend Developer
652,Taylor Swift 227,90651,Frontend Developer
653,Taylor Swift 228,90652,Frontend Developer
654,Taylor Swift 229,90653,Frontend Developer
655,Taylor Swift 230,90654,Frontend Developer
656,Taylor Swift 231,90655,Frontend Developer
657,Taylor Swift 232,90656,Frontend Developer
658,Taylor Swift 233,90657,Frontend Developer
659,Taylor Swift 234,90658,Frontend Developer
660,Taylor Swift 235,90659,Frontend Developer
661,Taylor Swift 236,90660,Frontend Developer
662,Taylor Swift 237,90661,Frontend Developer
663,Taylor Swift 238,90662,Frontend Developer
664,Taylor Swift 239,90663,Frontend Developer
665,Taylor Swift 240,90664,Frontend Developer
666,Taylor Swift 241,90665,Frontend Developer
667,Taylor Swift 242,90666,Frontend Developer
668,Taylor Swift 243,90667,Frontend Developer
669,Taylor Swift 244,90668,Frontend Developer
670,Taylor Swift 245,90669,Frontend Developer
671,Taylor Swift 246,90670,Frontend Developer
672,Taylor Swift 247,90671,Frontend Developer
673,Taylor Swift 248,90672,Frontend Developer
674,Taylor Swift 249,90673,Frontend Developer
675,Taylor Swift 250,90674,Frontend Developer
676,Taylor Swift 251,90675,Frontend Developer
677,Taylor Swift 252,90676,Frontend Developer
678,Taylor Swift 253,90677,Frontend Developer
679,Taylor Swift 254,90678,Frontend Developer
680,Taylor Swift 255,90679,Frontend Developer
681,Taylor Swift 256,90680,Frontend Developer
682,Taylor Swift 257,90681,Frontend Developer
683,Taylor Swift 258,90682,Frontend Developer
684,Taylor Swift 259,90683,Frontend Developer
685,Taylor Swift 260,90684,Frontend Developer
686,Taylor Swift 261,90685,Frontend Developer
687,Taylor Swift 262,90686,Frontend Developer
688,Taylor Swift 263,90687,Frontend Developer
689,Taylor Swift 264,90688,Frontend Developer
690,Taylor Swift 265,90689,Frontend Developer
691,Taylor Swift 266,90690,Frontend Developer
692,Taylor Swift 267,90691,Frontend Developer
693,Taylor Swift 268,90692,Frontend Developer
694,Taylor Swift 269,90693,Frontend Developer
695,Taylor Swift 270,90694,Frontend Developer
696,Taylor Swift 271,90695,Frontend Developer
697,Taylor Swift 272,90696,Frontend Developer
698,Taylor Swift 273,90697,Frontend Developer
699,Taylor Swift 274,90698,Frontend Developer
700,Taylor Swift 275,90699,Frontend Developer
701,Taylor Swift 276,90700,Frontend Developer
702,Taylor Swift 277,90701,Frontend Developer
703,Taylor Swift 278,90702,Frontend Developer
704,Taylor Swift 279,90703,Frontend Developer
705,Taylor Swift 280,90704,Frontend Developer
706,Taylor Swift 281,90705,Frontend Developer
707,Taylor Swift 282,90706,Frontend Developer
708,Taylor Swift 283,90707,Frontend Developer
709,Taylor Swift 284,90708,Frontend Developer
710,Taylor Swift 285,90709,Frontend Developer
711,Taylor Swift 286,90710,Frontend Developer
712,Taylor Swift 287,90711,Frontend Developer
713,Taylor Swift 288,90712,Frontend Developer
714,Taylor Swift 289,90713,Frontend Developer
715,Taylor Swift 290,90714,Frontend Developer
716,Taylor Swift 291,90715,Frontend Developer
717,Taylor Swift 292,90716,Frontend Developer
718,Taylor Swift 293,90717,Frontend Developer
719,Taylor Swift 294,90718,Frontend Developer
720,Taylor Swift 295,90719,Frontend Developer
721,Taylor Swift 296,90720,Frontend Developer
722,Taylor Swift 297,90721,Frontend Developer
723,Taylor Swift 298,90722,Frontend Developer
724,Taylor Swift 299,90723,Frontend Developer
725,Taylor Swift 300,90724,Frontend Developer
726,Taylor Swift 301,90725,Frontend Developer
727,Taylor Swift 302,90726,Frontend Developer
728,Taylor Swift 303,90727,Frontend Developer
729,Taylor Swift 304,90728,Frontend Developer
730,Taylor Swift 305,90729,Frontend Developer
731,Taylor Swift 306,90730,Frontend Developer
732,Taylor Swift 307,90731,Frontend Developer
733,Taylor Swift 308,90732,Frontend Developer
734,Taylor Swift 309,90733,Frontend Developer
735,Taylor Swift 310,90734,Frontend Developer
736,Taylor Swift 311,90735,Frontend Developer
737,Taylor Swift 312,90736,Frontend Developer
738,Taylor Swift 313,90737,Frontend Developer
739,Taylor Swift 314,90738,Frontend Developer
740,Taylor Swift 315,90739,Frontend Developer
741,Taylor Swift 316,90740,Frontend Developer
742,Taylor Swift 317,90741,Frontend Developer
743,Taylor Swift 318,90742,Frontend Developer
744,Taylor Swift 319,90743,Frontend Developer
745,Taylor Swift 320,90744,Frontend Developer
746,Taylor Swift 321,90745,Frontend Developer
747,Taylor Swift 322,90746,Frontend Developer
748,Taylor Swift 323,90747,Frontend Developer
749,Taylor Swift 324,90748,Frontend Developer
750,Taylor Swift 325,90749,DevOps Engineer
751,Taylor Swift 326,90750,DevOps Engineer
752,Taylor Swift 327,90751,DevOps Engineer
753,Taylor Swift 328,90752,DevOps Engineer
754,Taylor Swift 329,90753,DevOps Engineer
755,Taylor Swift 330,90754,DevOps Engineer
756,Taylor Swift 331,90755,DevOps Engineer
757,Taylor Swift 332,90756,DevOps Engineer
758,Taylor Swift 333,90757,DevOps Engineer
759,Taylor Swift 334,90758,DevOps Engineer
760,Taylor Swift 335,90759,DevOps Engineer
761,Taylor Swift 336,90760,DevOps Engineer
762,Taylor Swift 337,90761,DevOps Engineer
763,Taylor Swift 338,90762,DevOps Engineer
764,Taylor Swift 339,90763,DevOps Engineer
765,Taylor Swift 340,90764,DevOps Engineer
766,Taylor Swift 341,90765,DevOps Engineer
767,Taylor Swift 342,90766,DevOps Engineer
768,Taylor Swift 343,90767,DevOps Engineer
769,Taylor Swift 344,90768,DevOps Engineer
770,Taylor Swift 345,90769,DevOps Engineer
771,Taylor Swift 346,90770,DevOps Engineer
772,Taylor Swift 347,90771,DevOps Engineer
773,Taylor Swift 348,90772,DevOps Engineer
774,Taylor Swift 349,90773,DevOps Engineer
775,Taylor Swift 350,90774,DevOps Engineer
776,Taylor Swift 351,90775,DevOps Engineer
777,Taylor Swift 352,90776,DevOps Engineer
778,Taylor Swift 353,90777,DevOps Engineer
779,Taylor Swift 354,90778,DevOps Engineer
780,Taylor Swift 355,90779,DevOps Engineer
781,Taylor Swift 356,90780,DevOps Engineer
782,Taylor Swift 357,90781,DevOps Engineer
783,Taylor Swift 358,90782,DevOps Engineer
784,Taylor Swift 359,90783,DevOps Engineer
785,Taylor Swift 360,90784,DevOps Engineer
786,Taylor Swift 361,90785,DevOps Engineer
787,Taylor Swift 362,90786,DevOps Engineer
788,Taylor Swift 363,90787,DevOps Engineer
789,Taylor Swift 364,90788,DevOps Engineer
790,Taylor Swift 365,90789,DevOps Engineer
791,Taylor Swift 366,90790,DevOps Engineer
792,Taylor Swift 367,90791,DevOps Engineer
793,Taylor Swift 368,90792,DevOps Engineer
794,Taylor Swift 369,90793,DevOps Engineer
795,Taylor Swift 370,90794,DevOps Engineer
796,Taylor Swift 371,90795,DevOps Engineer
797,Taylor Swift 372,90796,DevOps Engineer
798,Taylor Swift 373,90797,DevOps Engineer
799,Taylor Swift 374,90798,DevOps Engineer
800,Taylor Swift 375,90799,DevOps Engineer
801,Taylor Swift 376,90800,DevOps Engineer
802,Taylor Swift 377,90801,DevOps Engineer
803,Taylor Swift 378,90802,DevOps Engineer
804,Taylor Swift 379,90803,DevOps Engineer
805,Taylor Swift 380,90804,DevOps Engineer
806,Taylor Swift 381,90805,DevOps Engineer
807,Taylor Swift 382,90806,DevOps Engineer
808,Taylor Swift 383,90807,DevOps Engineer
809,Taylor Swift 384,90808,DevOps Engineer
810,Taylor Swift 385,90809,DevOps Engineer
811,Taylor Swift 386,90810,DevOps Engineer
812,Taylor Swift 387,90811,DevOps Engineer
813,Taylor Swift 388,90812,DevOps Engineer
814,Taylor Swift 389,90813,DevOps Engineer
815,Taylor Swift 390,90814,DevOps Engineer
816,Taylor Swift 391,90815,DevOps Engineer
817,Taylor Swift 392,90816,DevOps Engineer
818,Taylor Swift 393,90817,DevOps Engineer
819,Taylor Swift 394,90818,DevOps Engineer
820,Taylor Swift 395,90819,DevOps Engineer
821,Taylor Swift 396,90820,DevOps Engineer
822,Taylor Swift 397,90821,DevOps Engineer
823,Taylor Swift 398,90822,DevOps Engineer
824,Taylor Swift 399,90823,DevOps Engineer
825,Taylor Swift 400,90824,DevOps Engineer
826,Taylor Swift 401,90825,DevOps Engineer
827,Taylor Swift 402,90826,DevOps Engineer
828,Taylor Swift 403,90827,DevOps Engineer
829,Taylor Swift 404,90828,DevOps Engineer
830,Taylor Swift 405,90829,DevOps Engineer
831,Taylor Swift 406,90830,DevOps Engineer
832,Taylor Swift 407,90831,DevOps Engineer
833,Taylor Swift 408,90832,DevOps Engineer
834,Taylor Swift 409,90833,DevOps Engineer
835,Taylor Swift 410,90834,DevOps Engineer
836,Taylor Swift 411,90835,DevOps Engineer
837,Taylor Swift 412,90836,DevOps Engineer
838,Taylor Swift 413,90837,DevOps Engineer
839,Taylor Swift 414,90838,DevOps Engineer
840,Taylor Swift 415,90839,DevOps Engineer
841,Taylor Swift 416,90840,DevOps Engineer
842,Taylor Swift 417,90841,DevOps Engineer
843,Taylor Swift 418,90842,DevOps Engineer
844,Taylor Swift 419,90843,DevOps Engineer
845,Taylor Swift 420,90844,DevOps Engineer
846,Taylor Swift 421,90845,DevOps Engineer
847,Taylor Swift 422,90846,DevOps Engineer
848,Taylor Swift 423,90847,DevOps Engineer
849,Taylor Swift 424,90848,DevOps Engineer
850,Taylor Swift 425,90849,DevOps Engineer
851,Taylor Swift 426,90850,DevOps Engineer
852,Taylor Swift 427,90851,DevOps Engineer
853,Taylor Swift 428,90852,DevOps Engineer
854,Taylor Swift 429,90853,DevOps Engineer
855,Taylor Swift 430,90854,DevOps Engineer
856,Taylor Swift 431,90855,DevOps Engineer
857,Taylor Swift 432,90856,DevOps Engineer
858,Taylor Swift 433,90857,DevOps Engineer
859,Taylor Swift 434,90858,DevOps Engineer
860,Taylor Swift 435,90859,DevOps Engineer
861,Taylor Swift 436,90860,DevOps Engineer
862,Taylor Swift 437,90861,DevOps Engineer
863,Taylor Swift 438,90862,DevOps Engineer
864,Taylor Swift 439,90863,DevOps Engineer
865,Taylor Swift 440,90864,DevOps Engineer
866,Taylor Swift 441,90865,DevOps Engineer
867,Taylor Swift 442,90866,DevOps Engineer
868,Taylor Swift 443,90867,DevOps Engineer
869,Taylor Swift 444,90868,DevOps Engineer
870,Taylor Swift 445,90869,DevOps Engineer
871,Taylor Swift 446,90870,DevOps Engineer
872,Taylor Swift 447,90871,DevOps Engineer
873,Taylor Swift 448,90872,DevOps Engineer
874,Taylor Swift 449,90873,DevOps Engineer
875,Taylor Swift 450,90874,DevOps Engineer
876,Taylor Swift 451,90875,DevOps Engineer
877,Taylor Swift 452,90876,DevOps Engineer
878,Taylor Swift 453,90877,DevOps Engineer
879,Taylor Swift 454,90878,DevOps Engineer
880,Taylor Swift 455,90879,DevOps Engineer
881,Taylor Swift 456,90880,DevOps Engineer
882,Taylor Swift 457,90881,DevOps Engineer
883,Taylor Swift 458,90882,DevOps Engineer
884,Taylor Swift 459,90883,DevOps Engineer
885,Taylor Swift 460,90884,DevOps Engineer
886,Taylor Swift 461,90885,DevOps Engineer
887,Taylor Swift 462,90886,DevOps Engineer
888,Taylor Swift 463,90887,DevOps Engineer
889,Taylor Swift 464,90888,DevOps Engineer
890,Taylor Swift 465,90889,DevOps Engineer
891,Taylor Swift 466,90890,DevOps Engineer
892,Taylor Swift 467,90891,DevOps Engineer
893,Taylor Swift 468,90892,DevOps Engineer
894,Taylor Swift 469,90893,DevOps Engineer
895,Taylor Swift 470,90894,DevOps Engineer
896,Taylor Swift 471,90895,DevOps Engineer
897,Taylor Swift 472,90896,DevOps Engineer
898,Taylor Swift 473,90897,DevOps Engineer
899,Taylor Swift 474,90898,DevOps Engineer
900,Taylor Swift 475,90899,DevOps Engineer
901,Taylor Swift 476,90900,DevOps Engineer
902,Taylor Swift 477,90901,DevOps Engineer
903,Taylor Swift 478,90902,DevOps Engineer
904,Taylor Swift 479,90903,DevOps Engineer
905,Taylor Swift 480,90904,DevOps Engineer
906,Taylor Swift 481,90905,DevOps Engineer
907,Taylor Swift 482,90906,DevOps Engineer
908,Taylor Swift 483,90907,DevOps Engineer
909,Taylor Swift 484,90908,DevOps Engineer
910,Taylor Swift 485,90909,DevOps Engineer
911,Taylor Swift 486,90910,DevOps Engineer
912,Taylor Swift 487,90911,DevOps Engineer
913,Taylor Swift 488,90912,DevOps Engineer
914,Taylor Swift 489,90913,DevOps Engineer
915,Taylor Swift 490,90914,DevOps Engineer
916,Taylor Swift 491,90915,DevOps Engineer
917,Taylor Swift 492,90916,DevOps Engineer
918,Taylor Swift 493,90917,DevOps Engineer
919,Taylor Swift 494,90918,DevOps Engineer
920,Taylor Swift 495,90919,DevOps Engineer
921,Taylor Swift 496,90920,DevOps Engineer
922,Taylor Swift 497,90921,DevOps Engineer
923,Taylor Swift 498,90922,DevOps Engineer
924,Taylor Swift 499,90923,DevOps Engineer
925,Taylor Swift 500,90924,DevOps Engineer
926,Taylor Swift 501,90925,DevOps Engineer
927,Taylor Swift 502,90926,DevOps Engineer
928,Taylor Swift 503,90927,DevOps Engineer
929,Taylor Swift 504,90928,DevOps Engineer
930,Taylor Swift 505,90929,DevOps Engineer
931,Taylor Swift 506,90930,DevOps Engineer
932,Taylor Swift 507,90931,DevOps Engineer
933,Taylor Swift 508,90932,DevOps Engineer
934,Taylor Swift 509,90933,DevOps Engineer
935,Taylor Swift 510,90934,DevOps Engineer
936,Taylor Swift 511,90935,DevOps Engineer
937,Taylor Swift 512,90936,DevOps Engineer
938,Taylor Swift 513,90937,DevOps Engineer
939,Taylor Swift 514,90938,DevOps Engineer
940,Taylor Swift 515,90939,DevOps Engineer
941,Taylor Swift 516,90940,DevOps Engineer
942,Taylor Swift 517,90941,DevOps Engineer
943,Taylor Swift 518,90942,DevOps Engineer
944,Taylor Swift 519,90943,DevOps Engineer
945,Taylor Swift 520,90944,DevOps Engineer
946,Taylor Swift 521,90945,Solution Architect
947,Taylor Swift 522,90946,Solution Architect
948,Taylor Swift 523,90947,Solution Architect
949,Taylor Swift 524,90948,Solution Architect
950,Taylor Swift 525,90949,Solution Architect
951,Taylor Swift 526,90950,Solution Architect
952,Taylor Swift 527,90951,Solution Architect
953,Taylor Swift 528,90952,Solution Architect
954,Taylor Swift 529,90953,Solution Architect
955,Taylor Swift 530,90954,Solution Architect
956,Taylor Swift 531,90955,Solution Architect
957,Taylor Swift 532,90956,Solution Architect
958,Taylor Swift 533,90957,Solution Architect
959,Taylor Swift 534,90958,Solution Architect
960,Taylor Swift 535,90959,Solution Architect
961,Taylor Swift 536,90960,Solution Architect
962,Taylor Swift 537,90961,Solution Architect
963,Taylor Swift 538,90962,Solution Architect
964,Taylor Swift 539,90963,Solution Architect
965,Taylor Swift 540,90964,Solution Architect
966,Taylor Swift 541,90965,Solution Architect
967,Taylor Swift 542,90966,Solution Architect
968,Taylor Swift 543,90967,Solution Architect
969,Taylor Swift 544,90968,Solution Architect
970,Taylor Swift 545,90969,Solution Architect
971,Taylor Swift 546,90970,Solution Architect
972,Taylor Swift 547,90971,Solution Architect
973,Taylor Swift 548,90972,Solution Architect
974,Taylor Swift 549,90973,Solution Architect
975,Taylor Swift 550,90974,Solution Architect
976,Taylor Swift 551,90975,Solution Architect
977,Taylor Swift 552,90976,Solution Architect
978,Taylor Swift 553,90977,Solution Architect
979,Taylor Swift 554,90978,Solution Architect
980,Taylor Swift 555,90979,Solution Architect
981,Taylor Swift 556,90980,Solution Architect
982,Taylor Swift 557,90981,Solution Architect
983,Taylor Swift 558,90982,Solution Architect
984,Taylor Swift 559,90983,Solution Architect
985,Taylor Swift 560,90984,Solution Architect
986,Taylor Swift 561,90985,Solution Architect
987,Taylor Swift 562,90986,Solution Architect
988,Taylor Swift 563,90987,Solution Architect
989,Taylor Swift 564,90988,Solution Architect
990,Taylor Swift 565,90989,Solution Architect
991,Taylor Swift 566,90990,Solution Architect
992,Taylor Swift 567,90991,Solution Architect
993,Taylor Swift 568,90992,Solution Architect
994,Taylor Swift 569,90993,Solution Architect
995,Taylor Swift 570,90994,Solution Architect
996,Taylor Swift 571,90995,Solution Architect
997,Taylor Swift 572,90996,Solution Architect
998,Taylor Swift 573,90997,Solution Architect
999,Taylor Swift 574,90998,Solution Architect
1000,Taylor Swift 575,90999,Solution Architect
1001,Taylor Swift 576,91000,Solution Architect
1002,Taylor Swift 577,91001,Solution Architect
1003,Taylor Swift 578,91002,Solution Architect
1004,Taylor Swift 579,91003,Solution Architect
1005,Taylor Swift 580,91004,Solution Architect
1006,Taylor Swift 581,91005,Solution Architect
1007,Taylor Swift 582,91006,Solution Architect
1008,Taylor Swift 583,91007,Solution Architect
1009,Taylor Swift 584,91008,Solution Architect
1010,Taylor Swift 585,91009,Solution Architect
1011,Taylor Swift 586,91010,Solution Architect
1012,Taylor Swift 587,91011,Solution Architect
1013,Taylor Swift 588,91012,Solution Architect
1014,Taylor Swift 589,91013,Solution Architect
1015,Taylor Swift 590,91014,Solution Architect
1016,Taylor Swift 591,91015,Solution Architect
1017,Taylor Swift 592,91016,Solution Architect
1018,Taylor Swift 593,91017,Solution Architect
1019,Taylor Swift 594,91018,Solution Architect
1020,Taylor Swift 595,91019,Solution Architect
1021,Taylor Swift 596,91020,Solution Architect
1022,Taylor Swift 597,91021,Solution Architect
1023,Taylor Swift 598,91022,Solution Architect
1024,Taylor Swift 599,91023,Solution Architect
1025,Taylor Swift 600,91024,Solution Architect
1026,Taylor Swift 601,91025,Solution Architect
1027,Taylor Swift 602,91026,Solution Architect
1028,Taylor Swift 603,91027,Solution Architect
1029,Taylor Swift 604,91028,Solution Architect
1030,Taylor Swift 605,91029,Solution Architect
1031,Taylor Swift 606,91030,Solution Architect
1032,Taylor Swift 607,91031,Solution Architect
1033,Taylor Swift 608,91032,Solution Architect
1034,Taylor Swift 609,91033,Solution Architect
1035,Taylor Swift 610,91034,Solution Architect
1036,Taylor Swift 611,91035,Solution Architect
1037,Taylor Swift 612,91036,Solution Architect
1038,Taylor Swift 613,91037,Solution Architect
1039,Taylor Swift 614,91038,Solution Architect
1040,Taylor Swift 615,91039,Solution Architect
1041,Taylor Swift 616,91040,Solution Architect
1042,Taylor Swift 617,91041,Solution Architect
1043,Taylor Swift 618,91042,Solution Architect
1044,Taylor Swift 619,91043,Solution Architect
1045,Taylor Swift 620,91044,Solution Architect
1046,Taylor Swift 621,91045,Solution Architect
1047,Taylor Swift 622,91046,Solution Architect
1048,Taylor Swift 623,91047,Solution Architect
1049,Taylor Swift 624,91048,Solution Architect
1050,Taylor Swift 625,91049,Solution Architect
1051,Taylor Swift 626,91050,Solution Architect
1052,Taylor Swift 627,91051,Solution Architect
1053,Taylor Swift 628,91052,Solution Architect
1054,Taylor Swift 629,91053,Solution Architect
1055,Taylor Swift 630,91054,Solution Architect
1056,Taylor Swift 631,91055,Solution Architect
1057,Taylor Swift 632,91056,Solution Architect
1058,Taylor Swift 633,91057,Solution Architect
1059,Taylor Swift 634,91058,Solution Architect
1060,Taylor Swift 635,91059,Solution Architect
1061,Taylor Swift 636,91060,Solution Architect
1062,Taylor Swift 637,91061,Solution Architect
1063,Taylor Swift 638,91062,Solution Architect
1064,Taylor Swift 639,91063,Solution Architect
1065,Taylor Swift 640,91064,Solution Architect
1066,Taylor Swift 641,91065,Solution Architect
1067,Taylor Swift 642,91066,Solution Architect
1068,Taylor Swift 643,91067,Solution Architect
1069,Taylor Swift 644,91068,Solution Architect
1070,Taylor Swift 645,91069,Solution Architect
1071,Taylor Swift 646,91070,Solution Architect
1072,Taylor Swift 647,91071,Solution Architect
1073,Taylor Swift 648,91072,Solution Architect
1074,Taylor Swift 649,91073,Solution Architect
1075,Taylor Swift 650,91074,Solution Architect
1076,Taylor Swift 651,91075,Solution Architect
1077,Taylor Swift 652,91076,Solution Architect
1078,Taylor Swift 653,91077,Solution Architect
1079,Taylor Swift 654,91078,Solution Architect
1080,Taylor Swift 655,91079,Solution Architect
1081,Taylor Swift 656,91080,Solution Architect
1082,Taylor Swift 657,91081,Solution Architect
1083,Taylor Swift 658,91082,Solution Architect
1084,Taylor Swift 659,91083,Solution Architect
1085,Taylor Swift 660,91084,Solution Architect
1086,Taylor Swift 661,91085,Solution Architect
1087,Taylor Swift 662,91086,Solution Architect
1088,Taylor Swift 663,91087,Solution Architect
1089,Taylor Swift 664,91088,Solution Architect
1090,Taylor Swift 665,91089,Solution Architect
1091,Taylor Swift 666,91090,Solution Architect
1092,Taylor Swift 667,91091,Solution Architect
1093,Taylor Swift 668,91092,Solution Architect
1094,Taylor Swift 669,91093,Solution Architect
1095,Taylor Swift 670,91094,Solution Architect
1096,Taylor Swift 671,91095,Solution Architect
1097,Taylor Swift 672,91096,Solution Architect
1098,Taylor Swift 673,91097,Solution Architect
1099,Taylor Swift 674,91098,Solution Architect
1100,Taylor Swift 675,91099,Solution Architect
1101,Taylor Swift 676,91100,Solution Architect
1102,Taylor Swift 677,91101,Solution Architect
1103,Taylor Swift 678,91102,Solution Architect
1104,Taylor Swift 679,91103,Solution Architect
1105,Taylor Swift 680,91104,Solution Architect
1106,Taylor Swift 681,91105,Solution Architect
1107,Taylor Swift 682,91106,Solution Architect
1108,Taylor Swift 683,91107,Solution Architect
1109,Taylor Swift 684,91108,Solution Architect
1110,Taylor Swift 685,91109,Solution Architect
1111,Taylor Swift 686,91110,Solution Architect
1112,Taylor Swift 687,91111,Solution Architect
1113,Taylor Swift 688,91112,Solution Architect
1114,Taylor Swift 689,91113,Solution Architect
1115,Taylor Swift 690,91114,Solution Architect
1116,Taylor Swift 691,91115,Solution Architect
1117,Taylor Swift 692,91116,Solution Architect
1118,Taylor Swift 693,91117,Solution Architect
1119,Taylor Swift 694,91118,Solution Architect
1120,Taylor Swift 695,91119,Solution Architect
1121,Taylor Swift 696,91120,Solution Architect
1122,Taylor Swift 697,91121,Solution Architect
1123,Taylor Swift 698,91122,Solution Architect
1124,Taylor Swift 699,91123,Solution Architect
1125,Taylor Swift 700,91124,Solution Architect
1126,Taylor Swift 701,91125,Solution Architect
1127,Taylor Swift 702,91126,Solution Architect
1128,Taylor Swift 703,91127,Solution Architect
1129,Taylor Swift 704,91128,Solution Architect
1130,Taylor Swift 705,91129,Solution Architect
1131,Taylor Swift 706,91130,Solution Architect
1132,Taylor Swift 707,91131,Solution Architect
1133,Taylor Swift 708,91132,Solution Architect
1134,Taylor Swift 709,91133,Solution Architect
1135,Taylor Swift 710,91134,Solution Architect
1136,Taylor Swift 711,91135,Solution Architect
1137,Taylor Swift 712,91136,Solution Architect
1138,Taylor Swift 713,91137,Solution Architect
1139,Taylor Swift 714,91138,Solution Architect
1140,Taylor Swift 715,91139,Solution Architect
1141,Taylor Swift 716,91140,Solution Architect
1142,Taylor Swift 717,91141,Solution Architect
1143,Taylor Swift 718,91142,Solution Architect
1144,Taylor Swift 719,91143,Solution Architect
1145,Taylor Swift 720,91144,Solution Architect
1146,Taylor Swift 721,91145,Solution Architect
1147,Taylor Swift 722,91146,Solution Architect
1148,Taylor Swift 723,91147,Solution Architect
1149,Taylor Swift 724,91148,Solution Architect
1150,Taylor Swift 725,91149,Solution Architect
1151,Taylor Swift 726,91150,Solution Architect
1152,Taylor Swift 727,91151,Solution Architect
1153,Taylor Swift 728,91152,Solution Architect
1154,Taylor Swift 729,91153,Solution Architect
1155,Taylor Swift 730,91154,Solution Architect
1156,Taylor Swift 731,91155,Solution Architect
1157,Taylor Swift 732,91156,Solution Architect
1158,Taylor Swift 733,91157,Solution Architect
1159,Taylor Swift 734,91158,Solution Architect
1160,Taylor Swift 735,91159,Solution Architect
1161,Taylor Swift 736,91160,Solution Architect
1162,Taylor Swift 737,91161,Solution Architect
1163,Taylor Swift 738,91162,Solution Architect
1164,Taylor Swift 739,91163,Solution Architect
1165,Taylor Swift 740,91164,Solution Architect
1166,Taylor Swift 741,91165,Solution Architect
1167,Taylor Swift 742,91166,Solution Architect
1168,Taylor Swift 743,91167,Solution Architect
1169,Taylor Swift 744,91168,Solution Architect
1170,Taylor Swift 745,91169,Solution Architect
1171,Taylor Swift 746,91170,Solution Architect
1172,Taylor Swift 747,91171,Solution Architect
1173,Taylor Swift 748,91172,Solution Architect
1174,Taylor Swift 749,91173,Solution Architect
1175,Taylor Swift 750,91174,Solution Architect
1176,Taylor Swift 751,91175,Solution Architect
1177,Taylor Swift 752,91176,Solution Architect
1178,Taylor Swift 753,91177,Solution Architect
1179,Taylor Swift 754,91178,Solution Architect
1180,Taylor Swift 755,91179,Solution Architect
1181,Taylor Swift 756,91180,Solution Architect
1182,Taylor Swift 757,91181,Solution Architect
1183,Taylor Swift 758,91182,Solution Architect
1184,Taylor Swift 759,91183,Solution Architect
1185,Taylor Swift 760,91184,Solution Architect
1186,Taylor Swift 761,91185,Solution Architect
1187,Taylor Swift 762,91186,Solution Architect
1188,Taylor Swift 763,91187,Solution Architect
1189,Taylor Swift 764,91188,Solution Architect
1190,Taylor Swift 765,91189,Solution Architect
1191,Taylor Swift 766,91190,Solution Architect
1192,Taylor Swift 767,91191,Solution Architect
1193,Taylor Swift 768,91192,Solution Architect
1194,Taylor Swift 769,91193,Solution Architect
1195,Taylor Swift 770,91194,Solution Architect
1196,Taylor Swift 771,91195,Solution Architect
1197,Taylor Swift 772,91196,Solution Architect
1198,Taylor Swift 773,91197,Solution Architect
1199,Taylor Swift 774,91198,Solution Architect
1200,Taylor Swift 775,91199,Solution Architect
1201,Taylor Swift 776,91200,Solution Architect
1202,Taylor Swift 777,91201,Solution Architect
1203,Taylor Swift 778,91202,Solution Architect
1204,Taylor Swift 779,91203,Solution Architect
1205,Taylor Swift 780,91204,Solution Architect
1206,Taylor Swift 781,91205,Solution Architect
1207,Taylor Swift 782,91206,Solution Architect
1208,Taylor Swift 783,91207,Solution Architect
1209,Taylor Swift 784,91208,Solution Architect
1210,Taylor Swift 785,91209,Solution Architect
1211,Taylor Swift 786,91210,Solution Architect
1212,Taylor Swift 787,91211,Solution Architect
1213,Taylor Swift 788,91212,Solution Architect
1214,Taylor Swift 789,91213,Solution Architect
1215,Taylor Swift 790,91214,Solution Architect
1216,Taylor Swift 791,91215,Solution Architect
1217,Taylor Swift 792,91216,Solution Architect
1218,Taylor Swift 793,91217,Solution Architect
1219,Taylor Swift 794,91218,Solution Architect
1220,Taylor Swift 795,91219,Solution Architect
1221,Taylor Swift 796,91220,Solution Architect
1222,Taylor Swift 797,91221,Solution Architect
1223,Taylor Swift 798,91222,Solution Architect
1224,Taylor Swift 799,91223,Solution Architect
1225,Taylor Swift 800,91224,Solution Architect
1226,Taylor Swift 801,91225,Solution Architect
1227,Taylor Swift 802,91226,Solution Architect
1228,Taylor Swift 803,91227,Solution Architect
1229,Taylor Swift 804,91228,Solution Architect
1230,Taylor Swift 805,91229,Solution Architect
1231,Taylor Swift 806,91230,Solution Architect
1232,Taylor Swift 807,91231,Solution Architect
1233,Taylor Swift 808,91232,Solution Architect
1234,Taylor Swift 809,91233,Solution Architect
1235,Taylor Swift 810,91234,Solution Architect
1236,Taylor Swift 811,91235,Solution Architect
1237,Taylor Swift 812,91236,Solution Architect
1238,Taylor Swift 813,91237,Solution Architect
1239,Taylor Swift 814,91238,Solution Architect
1240,Taylor Swift 815,91239,Solution Architect
1241,Taylor Swift 816,91240,Solution Architect
1242,Taylor Swift 817,91241,Solution Architect
1243,Taylor Swift 818,91242,Solution Architect
1244,Taylor Swift 819,91243,Solution Architect
1245,Taylor Swift 820,91244,Solution Architect
1246,Taylor Swift 821,91245,Solution Architect
1247,Taylor Swift 822,91246,Solution Architect
1248,Taylor Swift 823,91247,Solution Architect
1249,Taylor Swift 824,91248,Solution Architect
1250,Taylor Swift 825,91249,Solution Architect
1251,Taylor Swift 826,91250,Solution Architect
1252,Taylor Swift 827,91251,Solution Architect
1253,Taylor Swift 828,91252,Solution Architect
1254,Taylor Swift 829,91253,Solution Architect
1255,Taylor Swift 830,91254,Solution Architect
1256,Taylor Swift 831,91255,Solution Architect
1257,Taylor Swift 832,91256,Solution Architect
1258,Taylor Swift 833,91257,Solution Architect
1259,Taylor Swift 834,91258,Solution Architect
1260,Taylor Swift 835,91259,Solution Architect
1261,Taylor Swift 836,91260,Solution Architect
1262,Taylor Swift 837,91261,Solution Architect
1263,Taylor Swift 838,91262,Solution Architect
1264,Taylor Swift 839,91263,Solution Architect
1265,Taylor Swift 840,91264,Solution Architect
1266,Taylor Swift 841,91265,Solution Architect
1267,Taylor Swift 842,91266,Solution Architect
1268,Taylor Swift 843,91267,Database Administrator
1269,Taylor Swift 844,91268,Database Administrator
1270,Taylor Swift 845,91269,Database Administrator
1271,Taylor Swift 846,91270,Database Administrator
1272,Taylor Swift 847,91271,Database Administrator
1273,Taylor Swift 848,91272,Database Administrator
1274,Taylor Swift 849,91273,Database Administrator
1275,Taylor Swift 850,91274,Database Administrator
1276,Taylor Swift 851,91275,Database Administrator
1277,Taylor Swift 852,91276,Database Administrator
1278,Taylor Swift 853,91277,Database Administrator
1279,Taylor Swift 854,91278,Database Administrator
1280,Taylor Swift 855,91279,Database Administrator
1281,Taylor Swift 856,91280,Database Administrator
1282,Taylor Swift 857,91281,Database Administrator
1283,Taylor Swift 858,91282,Database Administrator
1284,Taylor Swift 859,91283,Database Administrator
1285,Taylor Swift 860,91284,Database Administrator
1286,Taylor Swift 861,91285,Database Administrator
1287,Taylor Swift 862,91286,Database Administrator
1288,Taylor Swift 863,91287,Database Administrator
1289,Taylor Swift 864,91288,Database Administrator
1290,Taylor Swift 865,91289,Database Administrator
1291,Taylor Swift 866,91290,Database Administrator
1292,Taylor Swift 867,91291,Database Administrator
1293,Taylor Swift 868,91292,Database Administrator
1294,Taylor Swift 869,91293,Database Administrator
1295,Taylor Swift 870,91294,Database Administrator
1296,Taylor Swift 871,91295,Database Administrator
1297,Taylor Swift 872,91296,Database Administrator
1298,Taylor Swift 873,91297,Database Administrator
1299,Taylor Swift 874,91298,Database Administrator
1300,Taylor Swift 875,91299,Database Administrator
1301,Taylor Swift 876,91300,Database Administrator
1302,Taylor Swift 877,91301,Database Administrator
1303,Taylor Swift 878,91302,Database Administrator
1304,Taylor Swift 879,91303,Database Administrator
1305,Taylor Swift 880,91304,Database Administrator
1306,Taylor Swift 881,91305,Database Administrator
1307,Taylor Swift 882,91306,Database Administrator
1308,Taylor Swift 883,91307,Database Administrator
1309,Taylor Swift 884,91308,Database Administrator
1310,Taylor Swift 885,91309,Database Administrator
1311,Taylor Swift 886,91310,Database Administrator
1312,Taylor Swift 887,91311,Database Administrator
1313,Taylor Swift 888,91312,Database Administrator
1314,Taylor Swift 889,91313,Database Administrator
1315,Taylor Swift 890,91314,Database Administrator
1316,Taylor Swift 891,91315,Database Administrator
1317,Taylor Swift 892,91316,Database Administrator
1318,Taylor Swift 893,91317,Database Administrator
1319,Taylor Swift 894,91318,Database Administrator
1320,Taylor Swift 895,91319,Database Administrator
1321,Taylor Swift 896,91320,Database Administrator
1322,Taylor Swift 897,91321,Database Administrator
1323,Taylor Swift 898,91322,Database Administrator
1324,Taylor Swift 899,91323,Database Administrator
1325,Taylor Swift 900,91324,Database Administrator
1326,Taylor Swift 901,91325,Database Administrator
1327,Taylor Swift 902,91326,Database Administrator
1328,Taylor Swift 903,91327,Database Administrator
1329,Taylor Swift 904,91328,Database Administrator
1330,Taylor Swift 905,91329,Database Administrator
1331,Taylor Swift 906,91330,Database Administrator
1332,Taylor Swift 907,91331,Database Administrator
1333,Taylor Swift 908,91332,Database Administrator
1334,Taylor Swift 909,91333,Database Administrator
1335,Taylor Swift 910,91334,Database Administrator
1336,Taylor Swift 911,91335,Database Administrator
1337,Taylor Swift 912,91336,Database Administrator
1338,Taylor Swift 913,91337,Database Administrator
1339,Taylor Swift 914,91338,Database Administrator
1340,Taylor Swift 915,91339,Database Administrator
1341,Taylor Swift 916,91340,Database Administrator
1342,Taylor Swift 917,91341,Database Administrator
1343,Taylor Swift 918,91342,Database Administrator
1344,Taylor Swift 919,91343,Database Administrator
1345,Taylor Swift 920,91344,Database Administrator
1346,Taylor Swift 921,91345,Database Administrator
1347,Taylor Swift 922,91346,Database Administrator
1348,Taylor Swift 923,91347,Database Administrator
1349,Taylor Swift 924,91348,Database Administrator
1350,Taylor Swift 925,91349,Database Administrator
1351,Taylor Swift 926,91350,Database Administrator
1352,Taylor Swift 927,91351,Database Administrator
1353,Taylor Swift 928,91352,Database Administrator
1354,Taylor Swift 929,91353,Database Administrator
1355,Taylor Swift 930,91354,Database Administrator
1356,Taylor Swift 931,91355,Database Administrator
1357,Taylor Swift 932,91356,Database Administrator
1358,Taylor Swift 933,91357,Database Administrator
1359,Taylor Swift 934,91358,Database Administrator
1360,Taylor Swift 935,91359,Database Administrator
1361,Taylor Swift 936,91360,Database Administrator
1362,Taylor Swift 937,91361,Database Administrator
1363,Taylor Swift 938,91362,Database Administrator
1364,Taylor Swift 939,91363,Database Administrator
1365,Taylor Swift 940,91364,Database Administrator
1366,Taylor Swift 941,91365,Database Administrator
1367,Taylor Swift 942,91366,Database Administrator
1368,Taylor Swift 943,91367,Database Administrator
1369,Taylor Swift 944,91368,Database Administrator
1370,Taylor Swift 945,91369,Database Administrator
1371,Taylor Swift 946,91370,Database Administrator
1372,Taylor Swift 947,91371,Database Administrator
1373,Taylor Swift 948,91372,Database Administrator
1374,Taylor Swift 949,91373,Database Administrator
1375,Taylor Swift 950,91374,Database Administrator
1376,Taylor Swift 951,91375,Database Administrator
1377,Taylor Swift 952,91376,Database Administrator
1378,Taylor Swift 953,91377,Database Administrator
1379,Taylor Swift 954,91378,Database Administrator
1380,Taylor Swift 955,91379,Database Administrator
1381,Taylor Swift 956,91380,Database Administrator
1382,Taylor Swift 957,91381,Database Administrator
1383,Taylor Swift 958,91382,Database Administrator
1384,Taylor Swift 959,91383,Database Administrator
1385,Taylor Swift 960,91384,Database Administrator
1386,Taylor Swift 961,91385,Database Administrator
1387,Taylor Swift 962,91386,Database Administrator
1388,Taylor Swift 963,91387,Database Administrator
1389,Taylor Swift 964,91388,Database Administrator
1390,Taylor Swift 965,91389,Database Administrator
1391,Taylor Swift 966,91390,Database Administrator
1392,Taylor Swift 967,91391,Database Administrator
1393,Taylor Swift 968,91392,Database Administrator
1394,Taylor Swift 969,91393,Database Administrator
1395,Taylor Swift 970,91394,Database Administrator
1396,Taylor Swift 971,91395,Database Administrator
1397,Taylor Swift 972,91396,Database Administrator
1398,Taylor Swift 973,91397,Database Administrator
1399,Taylor Swift 974,91398,Database Administrator
1400,Taylor Swift 975,91399,Database Administrator
1401,Taylor Swift 976,91400,Database Administrator
1402,Taylor Swift 977,91401,Database Administrator
1403,Taylor Swift 978,91402,Database Administrator
1404,Taylor Swift 979,91403,Database Administrator
1405,Taylor Swift 980,91404,Database Administrator
1406,Taylor Swift 981,91405,Database Administrator
1407,Taylor Swift 982,91406,Database Administrator
1408,Taylor Swift 983,91407,Database Administrator
1409,Taylor Swift 984,91408,Database Administrator
1410,Taylor Swift 985,91409,Database Administrator
1411,Taylor Swift 986,91410,Database Administrator
1412,Taylor Swift 987,91411,Database Administrator
1413,Taylor Swift 988,91412,Database Administrator
1414,Taylor Swift 989,91413,Database Administrator
1415,Taylor Swift 990,91414,Database Administrator
1416,Taylor Swift 991,91415,Database Administrator
1417,Taylor Swift 992,91416,Database Administrator
1418,Taylor Swift 993,91417,Database Administrator
1419,Taylor Swift 994,91418,Database Administrator
1420,Taylor Swift 995,91419,Backend Developer
1421,Taylor Swift 996,91420,Backend Developer
1422,Taylor Swift 997,91421,Backend Developer
1423,Taylor Swift 998,91422,Backend Developer
1424,Taylor Swift 999,91423,Backend Developer
1425,Taylor Swift 1000,91424,Backend Developer
1426,Taylor Swift 1001,91425,Backend Developer
1427,Taylor Swift 1002,91426,Backend Developer
1428,Taylor Swift 1003,91427,Backend Developer
1429,Taylor Swift 1004,91428,Backend Developer
1430,Taylor Swift 1005,91429,Backend Developer
1431,Taylor Swift 1006,91430,Backend Developer
1432,Taylor Swift 1007,91431,Backend Developer
1433,Taylor Swift 1008,91432,Backend Developer
1434,Taylor Swift 1009,91433,Backend Developer
1435,Taylor Swift 1010,91434,Backend Developer
1436,Taylor Swift 1011,91435,Backend Developer
1437,Taylor Swift 1012,91436,Backend Developer
1438,Taylor Swift 1013,91437,Backend Developer
1439,Taylor Swift 1014,91438,Backend Developer
1440,Taylor Swift 1015,91439,Backend Developer
1441,Taylor Swift 1016,91440,Backend Developer
1442,Taylor Swift 1017,91441,Backend Developer
1443,Taylor Swift 1018,91442,Backend Developer
1444,Taylor Swift 1019,91443,Backend Developer
1445,Taylor Swift 1020,91444,Backend Developer
1446,Taylor Swift 1021,91445,Backend Developer
1447,Taylor Swift 1022,91446,Backend Developer
1448,Taylor Swift 1023,91447,Backend Developer
1449,Taylor Swift 1024,91448,Backend Developer
1450,Taylor Swift 1025,91449,Backend Developer
1451,Taylor Swift 1026,91450,Backend Developer
1452,Taylor Swift 1027,91451,Backend Developer
1453,Taylor Swift 1028,91452,Backend Developer
1454,Taylor Swift 1029,91453,Backend Developer
1455,Taylor Swift 1030,91454,Backend Developer
1456,Taylor Swift 1031,91455,Backend Developer
1457,Taylor Swift 1032,91456,Backend Developer
1458,Taylor Swift 1033,91457,Backend Developer
1459,Taylor Swift 1034,91458,Backend Developer
1460,Taylor Swift 1035,91459,Backend Developer
1461,Taylor Swift 1036,91460,Backend Developer
1462,Taylor Swift 1037,91461,Backend Developer
1463,Taylor Swift 1038,91462,Backend Developer
1464,Taylor Swift 1039,91463,Backend Developer
1465,Taylor Swift 1040,91464,Backend Developer
1466,Taylor Swift 1041,91465,Backend Developer
1467,Taylor Swift 1042,91466,Backend Developer
1468,Taylor Swift 1043,91467,Backend Developer
1469,Taylor Swift 1044,91468,Backend Developer
1470,Taylor Swift 1045,91469,Backend Developer
1471,Taylor Swift 1046,91470,Backend Developer
1472,Taylor Swift 1047,91471,Backend Developer
1473,Taylor Swift 1048,91472,Backend Developer
1474,Taylor Swift 1049,91473,Backend Developer
1475,Taylor Swift 1050,91474,Backend Developer
1476,Taylor Swift 1051,91475,Backend Developer
1477,Taylor Swift 1052,91476,Backend Developer
1478,Taylor Swift 1053,91477,Backend Developer
1479,Taylor Swift 1054,91478,Backend Developer
1480,Taylor Swift 1055,91479,Backend Developer
1481,Taylor Swift 1056,91480,Backend Developer
1482,Taylor Swift 1057,91481,Backend Developer
1483,Taylor Swift 1058,91482,Backend Developer
1484,Taylor Swift 1059,91483,Backend Developer
1485,Taylor Swift 1060,91484,Backend Developer
1486,Taylor Swift 1061,91485,Backend Developer
1487,Taylor Swift 1062,91486,Backend Developer
1488,Taylor Swift 1063,91487,Backend Developer
1489,Taylor Swift 1064,91488,Backend Developer
1490,Taylor Swift 1065,91489,Backend Developer
1491,Taylor Swift 1066,91490,Backend Developer
1492,Taylor Swift 1067,91491,Backend Developer
1493,Taylor Swift 1068,91492,Backend Developer
1494,Taylor Swift 1069,91493,Backend Developer
1495,Taylor Swift 1070,91494,Backend Developer
1496,Taylor Swift 1071,91495,Backend Developer
1497,Taylor Swift 1072,91496,Backend Developer
1498,Taylor Swift 1073,91497,Backend Developer
1499,Taylor Swift 1074,91498,Backend Developer
1500,Taylor Swift 1075,91499,Backend Developer
1501,Taylor Swift 1076,91500,Backend Developer
1502,Taylor Swift 1077,91501,Backend Developer
1503,Taylor Swift 1078,91502,Backend Developer
1504,Taylor Swift 1079,91503,Backend Developer
1505,Taylor Swift 1080,91504,Backend Developer
1506,Taylor Swift 1081,91505,Backend Developer
1507,Taylor Swift 1082,91506,Backend Developer
1508,Taylor Swift 1083,91507,Backend Developer
1509,Taylor Swift 1084,91508,Backend Developer
1510,Taylor Swift 1085,91509,Backend Developer
1511,Taylor Swift 1086,91510,Backend Developer
1512,Taylor Swift 1087,91511,Backend Developer
1513,Taylor Swift 1088,91512,Backend Developer
1514,Taylor Swift 1089,91513,Backend Developer
1515,Taylor Swift 1090,91514,Backend Developer
1516,Taylor Swift 1091,91515,Backend Developer
1517,Taylor Swift 1092,91516,Backend Developer
1518,Taylor Swift 1093,91517,Backend Developer
1519,Taylor Swift 1094,91518,Backend Developer
1520,Taylor Swift 1095,91519,Backend Developer
1521,Taylor Swift 1096,91520,Backend Developer
1522,Taylor Swift 1097,91521,Backend Developer
1523,Taylor Swift 1098,91522,Backend Developer
1524,Taylor Swift 1099,91523,Backend Developer
1525,Taylor Swift 1100,91524,Backend Developer
1526,Taylor Swift 1101,91525,Backend Developer
1527,Taylor Swift 1102,91526,Backend Developer
1528,Taylor Swift 1103,91527,Backend Developer
1529,Taylor Swift 1104,91528,Backend Developer
1530,Taylor Swift 1105,91529,Backend Developer
1531,Taylor Swift 1106,91530,Backend Developer
1532,Taylor Swift 1107,91531,Backend Developer
1533,Taylor Swift 1108,91532,Backend Developer
1534,Taylor Swift 1109,91533,Backend Developer
1535,Taylor Swift 1110,91534,Backend Developer
1536,Taylor Swift 1111,91535,Backend Developer
1537,Taylor Swift 1112,91536,Backend Developer
1538,Taylor Swift 1113,91537,Backend Developer
1539,Taylor Swift 1114,91538,Backend Developer
1540,Taylor Swift 1115,91539,Backend Developer
1541,Taylor Swift 1116,91540,Backend Developer
1542,Taylor Swift 1117,91541,Backend Developer
1543,Taylor Swift 1118,91542,Backend Developer
1544,Taylor Swift 1119,91543,Backend Developer
1545,Taylor Swift 1120,91544,Backend Developer
1546,Taylor Swift 1121,91545,Backend Developer
1547,Taylor Swift 1122,91546,Backend Developer
1548,Taylor Swift 1123,91547,Backend Developer
1549,Taylor Swift 1124,91548,Backend Developer
1550,Taylor Swift 1125,91549,Backend Developer
1551,Taylor Swift 1126,91550,Backend Developer
1552,Taylor Swift 1127,91551,Backend Developer
1553,Taylor Swift 1128,91552,Backend Developer
1554,Taylor Swift 1129,91553,Backend Developer
1555,Taylor Swift 1130,91554,Backend Developer
1556,Taylor Swift 1131,91555,Backend Developer
1557,Taylor Swift 1132,91556,Backend Developer
1558,Taylor Swift 1133,91557,Backend Developer
1559,Taylor Swift 1134,91558,Backend Developer
1560,Taylor Swift 1135,91559,Backend Developer
1561,Taylor Swift 1136,91560,Backend Developer
1562,Taylor Swift 1137,91561,Backend Developer
1563,Taylor Swift 1138,91562,Backend Developer
1564,Taylor Swift 1139,91563,Backend Developer
1565,Taylor Swift 1140,91564,Backend Developer
1566,Taylor Swift 1141,91565,Backend Developer
1567,Taylor Swift 1142,91566,Backend Developer
1568,Taylor Swift 1143,91567,Backend Developer
1569,Taylor Swift 1144,91568,Backend Developer
1570,Taylor Swift 1145,91569,Backend Developer
1571,Taylor Swift 1146,91570,Backend Developer
1572,Taylor Swift 1147,91571,Backend Developer
1573,Taylor Swift 1148,91572,Backend Developer
1574,Taylor Swift 1149,91573,Backend Developer
1575,Taylor Swift 1150,91574,Backend Developer
1576,Taylor Swift 1151,91575,Backend Developer
1577,Taylor Swift 1152,91576,Backend Developer
1578,Taylor Swift 1153,91577,Backend Developer
1579,Taylor Swift 1154,91578,Backend Developer
1580,Taylor Swift 1155,91579,Backend Developer
1581,Taylor Swift 1156,91580,Backend Developer
1582,Taylor Swift 1157,91581,Backend Developer
1583,Taylor Swift 1158,91582,Backend Developer
1584,Taylor Swift 1159,91583,Backend Developer
1585,Taylor Swift 1160,91584,Backend Developer
1586,Taylor Swift 1161,91585,Backend Developer
1587,Taylor Swift 1162,91586,Backend Developer
1588,Taylor Swift 1163,91587,Backend Developer
1589,Taylor Swift 1164,91588,Backend Developer
1590,Taylor Swift 1165,91589,Backend Developer
1591,Taylor Swift 1166,91590,Backend Developer
1592,Taylor Swift 1167,91591,Backend Developer
1593,Taylor Swift 1168,91592,Backend Developer
1594,Taylor Swift 1169,91593,Backend Developer
1595,Taylor Swift 1170,91594,Backend Developer
1596,Taylor Swift 1171,91595,Backend Developer
1597,Taylor Swift 1172,91596,Backend Developer
1598,Taylor Swift 1173,91597,Backend Developer
1599,Taylor Swift 1174,91598,Backend Developer
1600,Taylor Swift 1175,91599,Backend Developer
1601,Taylor Swift 1176,91600,Backend Developer
1602,Taylor Swift 1177,91601,Backend Developer
1603,Taylor Swift 1178,91602,Backend Developer
1604,Taylor Swift 1179,91603,Backend Developer
1605,Taylor Swift 1180,91604,Backend Developer
1606,Taylor Swift 1181,91605,Backend Developer
1607,Taylor Swift 1182,91606,Backend Developer
1608,Taylor Swift 1183,91607,Backend Developer
1609,Taylor Swift 1184,91608,Backend Developer
1610,Taylor Swift 1185,91609,Backend Developer
1611,Taylor Swift 1186,91610,Backend Developer
1612,Taylor Swift 1187,91611,Backend Developer
1613,Taylor Swift 1188,91612,Backend Developer
1614,Taylor Swift 1189,91613,Backend Developer
1615,Taylor Swift 1190,91614,Backend Developer
1616,Taylor Swift 1191,91615,Backend Developer
1617,Taylor Swift 1192,91616,Backend Developer
1618,Taylor Swift 1193,91617,Backend Developer
1619,Taylor Swift 1194,91618,Backend Developer
1620,Taylor Swift 1195,91619,Backend Developer
1621,Taylor Swift 1196,91620,Backend Developer
1622,Taylor Swift 1197,91621,Backend Developer
1623,Taylor Swift 1198,91622,Backend Developer
1624,Taylor Swift 1199,91623,Backend Developer
1625,Taylor Swift 1200,91624,Backend Developer
1626,Taylor Swift 1201,91625,Backend Developer
1627,Taylor Swift 1202,91626,Backend Developer
1628,Taylor Swift 1203,91627,Backend Developer
1629,Taylor Swift 1204,91628,Backend Developer
1630,Taylor Swift 1205,91629,Backend Developer
1631,Taylor Swift 1206,91630,Backend Developer
1632,Taylor Swift 1207,91631,Human Resource
1633,Taylor Swift 1208,91632,Human Resource
1634,Taylor Swift 1209,91633,Human Resource
1635,Taylor Swift 1210,91634,Human Resource
1636,Taylor Swift 1211,91635,Human Resource
1637,Taylor Swift 1212,91636,Human Resource
1638,Taylor Swift 1213,91637,Human Resource
1639,Taylor Swift 1214,91638,Human Resource
1640,Taylor Swift 1215,91639,Human Resource
1641,Taylor Swift 1216,91640,Human Resource
1642,Taylor Swift 1217,91641,Human Resource
1643,Taylor Swift 1218,91642,Human Resource
1644,Taylor Swift 1219,91643,Human Resource
1645,Taylor Swift 1220,91644,Human Resource
1646,Taylor Swift 1221,91645,Human Resource
1647,Taylor Swift 1222,91646,Human Resource
1648,Taylor Swift 1223,91647,Human Resource
1649,Taylor Swift 1224,91648,Human Resource
1650,Taylor Swift 1225,91649,Human Resource
1651,Taylor Swift 1226,91650,Human Resource
1652,Taylor Swift 1227,91651,Human Resource
1653,Taylor Swift 1228,91652,Human Resource
1654,Taylor Swift 1229,91653,Human Resource
1655,Taylor Swift 1230,91654,Human Resource
1656,Taylor Swift 1231,91655,Human Resource
1657,Taylor Swift 1232,91656,Human Resource
1658,Taylor Swift 1233,91657,Human Resource
1659,Taylor Swift 1234,91658,Human Resource
1660,Taylor Swift 1235,91659,Human Resource
1661,Taylor Swift 1236,91660,Human Resource
1662,Taylor Swift 1237,91661,Human Resource
1663,Taylor Swift 1238,91662,Human Resource
1664,Taylor Swift 1239,91663,Human Resource
1665,Taylor Swift 1240,91664,Human Resource
1666,Taylor Swift 1241,91665,Human Resource
1667,Taylor Swift 1242,91666,Human Resource
1668,Taylor Swift 1243,91667,Human Resource
1669,Taylor Swift 1244,91668,Human Resource
1670,Taylor Swift 1245,91669,Human Resource
1671,Taylor Swift 1246,91670,Human Resource
1672,Taylor Swift 1247,91671,Human Resource
1673,Taylor Swift 1248,91672,Human Resource
1674,Taylor Swift 1249,91673,Human Resource
1675,Taylor Swift 1250,91674,Human Resource
1676,Taylor Swift 1251,91675,Human Resource
1677,Taylor Swift 1252,91676,Human Resource
1678,Taylor Swift 1253,91677,Human Resource
1679,Taylor Swift 1254,91678,Human Resource
1680,Taylor Swift 1255,91679,Human Resource
1681,Taylor Swift 1256,91680,Human Resource
1682,Taylor Swift 1257,91681,Human Resource
1683,Taylor Swift 1258,91682,Human Resource
1684,Taylor Swift 1259,91683,Human Resource
1685,Taylor Swift 1260,91684,Human Resource
1686,Taylor Swift 1261,91685,Human Resource
1687,Taylor Swift 1262,91686,Human Resource
1688,Taylor Swift 1263,91687,Human Resource
1689,Taylor Swift 1264,91688,Human Resource
1690,Taylor Swift 1265,91689,Human Resource
1691,Taylor Swift 1266,91690,Human Resource
1692,Taylor Swift 1267,91691,Human Resource
1693,Taylor Swift 1268,91692,Human Resource
1694,Taylor Swift 1269,91693,Human Resource
1695,Taylor Swift 1270,91694,Human Resource
1696,Taylor Swift 1271,91695,Human Resource
1697,Taylor Swift 1272,91696,Human Resource
1698,Taylor Swift 1273,91697,Human Resource
1699,Taylor Swift 1274,91698,Human Resource
1700,Taylor Swift 1275,91699,Human Resource
1701,Taylor Swift 1276,91700,Human Resource
1702,Taylor Swift 1277,91701,Human Resource
1703,Taylor Swift 1278,91702,Human Resource
1704,Taylor Swift 1279,91703,Human Resource
1705,Taylor Swift 1280,91704,Human Resource
1706,Taylor Swift 1281,91705,Human Resource
1707,Taylor Swift 1282,91706,Human Resource
1708,Taylor Swift 1283,91707,Human Resource
1709,Taylor Swift 1284,91708,Human Resource
1710,Taylor Swift 1285,91709,Human Resource
1711,Taylor Swift 1286,91710,Human Resource
1712,Taylor Swift 1287,91711,Human Resource
1713,Taylor Swift 1288,91712,Human Resource
1714,Taylor Swift 1289,91713,Human Resource
1715,Taylor Swift 1290,91714,Human Resource
1716,Taylor Swift 1291,91715,Human Resource
1717,Taylor Swift 1292,91716,Human Resource
1718,Taylor Swift 1293,91717,Human Resource
1719,Taylor Swift 1294,91718,Human Resource
1720,Taylor Swift 1295,91719,Human Resource
1721,Taylor Swift 1296,91720,Human Resource
1722,Taylor Swift 1297,91721,Human Resource
1723,Taylor Swift 1298,91722,Human Resource
1724,Taylor Swift 1299,91723,Human Resource
1725,Taylor Swift 1300,91724,Human Resource
1726,Taylor Swift 1301,91725,Human Resource
1727,Taylor Swift 1302,91726,Human Resource
1728,Taylor Swift 1303,91727,Human Resource
1729,Taylor Swift 1304,91728,Human Resource
1730,Taylor Swift 1305,91729,Human Resource
1731,Taylor Swift 1306,91730,Human Resource
1732,Taylor Swift 1307,91731,Human Resource
1733,Taylor Swift 1308,91732,Human Resource
1734,Taylor Swift 1309,91733,Human Resource
1735,Taylor Swift 1310,91734,Human Resource
1736,Taylor Swift 1311,91735,Human Resource
1737,Taylor Swift 1312,91736,Human Resource
1738,Taylor Swift 1313,91737,Human Resource
1739,Taylor Swift 1314,91738,Human Resource
1740,Taylor Swift 1315,91739,Human Resource
1741,Taylor Swift 1316,91740,Human Resource
1742,Taylor Swift 1317,91741,Human Resource
1743,Taylor Swift 1318,91742,Human Resource
1744,Taylor Swift 1319,91743,Human Resource
1745,Taylor Swift 1320,91744,Human Resource
1746,Taylor Swift 1321,91745,Human Resource
1747,Taylor Swift 1322,91746,Human Resource
1748,Taylor Swift 1323,91747,Human Resource
1749,Taylor Swift 1324,91748,Human Resource
1750,Taylor Swift 1325,91749,Human Resource
1751,Taylor Swift 1326,91750,Human Resource
1752,Taylor Swift 1327,91751,Human Resource
1753,Taylor Swift 1328,91752,Human Resource
1754,Taylor Swift 1329,91753,Human Resource
1755,Taylor Swift 1330,91754,Human Resource
1756,Taylor Swift 1331,91755,Human Resource
1757,Taylor Swift 1332,91756,Human Resource
1758,Taylor Swift 1333,91757,Human Resource
1759,Taylor Swift 1334,91758,Human Resource
1760,Taylor Swift 1335,91759,Human Resource
1761,Taylor Swift 1336,91760,Human Resource
1762,Taylor Swift 1337,91761,Human Resource
1763,Taylor Swift 1338,91762,Human Resource
1764,Taylor Swift 1339,91763,Human Resource
1765,Taylor Swift 1340,91764,Human Resource
1766,Taylor Swift 1341,91765,Human Resource
1767,Taylor Swift 1342,91766,Human Resource
1768,Taylor Swift 1343,91767,Human Resource
1769,Taylor Swift 1344,91768,Human Resource
1770,Taylor Swift 1345,91769,Human Resource
1771,Taylor Swift 1346,91770,Human Resource
1772,Taylor Swift 1347,91771,Human Resource
1773,Taylor Swift 1348,91772,Human Resource
1774,Taylor Swift 1349,91773,Human Resource
1775,Taylor Swift 1350,91774,Human Resource
1776,Taylor Swift 1351,91775,Human Resource
1777,Taylor Swift 1352,91776,Human Resource
1778,Taylor Swift 1353,91777,Human Resource
1779,Taylor Swift 1354,91778,Human Resource
1780,Taylor Swift 1355,91779,Human Resource
1781,Taylor Swift 1356,91780,Human Resource
1782,Taylor Swift 1357,91781,Human Resource
1783,Taylor Swift 1358,91782,Human Resource
1784,Taylor Swift 1359,91783,Human Resource
1785,Taylor Swift 1360,91784,Human Resource
1786,Taylor Swift 1361,91785,Human Resource
1787,Taylor Swift 1362,91786,Human Resource
1788,Taylor Swift 1363,91787,Human Resource
1789,Taylor Swift 1364,91788,Human Resource
1790,Taylor Swift 1365,91789,Human Resource
1791,Taylor Swift 1366,91790,Human Resource
1792,Taylor Swift 1367,91791,Human Resource
1793,Taylor Swift 1368,91792,Human Resource
1794,Taylor Swift 1369,91793,Human Resource
1795,Taylor Swift 1370,91794,Human Resource
1796,Taylor Swift 1371,91795,Human Resource
1797,Taylor Swift 1372,91796,Human Resource
1798,Taylor Swift 1373,91797,Human Resource
1799,Taylor Swift 1374,91798,Human Resource
1800,Taylor Swift 1375,91799,Human Resource
1801,Taylor Swift 1376,91800,Human Resource
1802,Taylor Swift 1377,91801,Human Resource
1803,Taylor Swift 1378,91802,Human Resource
1804,Taylor Swift 1379,91803,Human Resource
1805,Taylor Swift 1380,91804,Human Resource
1806,Taylor Swift 1381,91805,Human Resource
1807,Taylor Swift 1382,91806,Human Resource
1808,Taylor Swift 1383,91807,Human Resource
1809,Taylor Swift 1384,91808,Human Resource
1810,Taylor Swift 1385,91809,Human Resource
1811,Taylor Swift 1386,91810,Human Resource
1812,Taylor Swift 1387,91811,Human Resource
1813,Taylor Swift 1388,91812,Human Resource
1814,Taylor Swift 1389,91813,Human Resource
1815,Taylor Swift 1390,91814,Human Resource
1816,Taylor Swift 1391,91815,Human Resource
1817,Taylor Swift 1392,91816,Human Resource
1818,Taylor Swift 1393,91817,Human Resource
1819,Taylor Swift 1394,91818,Human Resource
1820,Taylor Swift 1395,91819,Human Resource
1821,Taylor Swift 1396,91820,Human Resource
1822,Taylor Swift 1397,91821,Human Resource
1823,Taylor Swift 1398,91822,Human Resource
1824,Taylor Swift 1399,91823,Human Resource
1825,Taylor Swift 1400,91824,Human Resource
1826,Taylor Swift 1401,91825,Human Resource
1827,Taylor Swift 1402,91826,Human Resource
1828,Taylor Swift 1403,91827,Human Resource
1829,Taylor Swift 1404,91828,Human Resource
1830,Taylor Swift 1405,91829,Human Resource
1831,Taylor Swift 1406,91830,Human Resource
1832,Taylor Swift 1407,91831,Human Resource
1833,Taylor Swift 1408,91832,Human Resource
1834,Taylor Swift 1409,91833,Human Resource
1835,Taylor Swift 1410,91834,Human Resource
1836,Taylor Swift 1411,91835,Human Resource
1837,Taylor Swift 1412,91836,Human Resource
1838,Taylor Swift 1413,91837,Human Resource
1839,Taylor Swift 1414,91838,Human Resource
1840,Taylor Swift 1415,91839,Human Resource
1841,Taylor Swift 1416,91840,Human Resource
1842,Taylor Swift 1417,91841,Human Resource
1843,Taylor Swift 1418,91842,Human Resource
1844,Taylor Swift 1419,91843,Human Resource
1845,Taylor Swift 1420,91844,Human Resource
1846,Taylor Swift 1421,91845,Human Resource
1847,Taylor Swift 1422,91846,Human Resource
1848,Taylor Swift 1423,91847,Human Resource
1849,Taylor Swift 1424,91848,Human Resource
1850,Taylor Swift 1425,91849,Human Resource
1851,Taylor Swift 1426,91850,Human Resource
1852,Taylor Swift 1427,91851,Human Resource
1853,Taylor Swift 1428,91852,Support Staff
1854,Taylor Swift 1429,91853,Support Staff
1855,Taylor Swift 1430,91854,Support Staff
1856,Taylor Swift 1431,91855,Support Staff
1857,Taylor Swift 1432,91856,Support Staff
1858,Taylor Swift 1433,91857,Support Staff
1859,Taylor Swift 1434,91858,Support Staff
1860,Taylor Swift 1435,91859,Support Staff
1861,Taylor Swift 1436,91860,Support Staff
1862,Taylor Swift 1437,91861,Support Staff
1863,Taylor Swift 1438,91862,Support Staff
1864,Taylor Swift 1439,91863,Support Staff
1865,Taylor Swift 1440,91864,Support Staff
1866,Taylor Swift 1441,91865,Support Staff
1867,Taylor Swift 1442,91866,Support Staff
1868,Taylor Swift 1443,91867,Support Staff
1869,Taylor Swift 1444,91868,Support Staff
1870,Taylor Swift 1445,91869,Support Staff
1871,Taylor Swift 1446,91870,Support Staff
1872,Taylor Swift 1447,91871,Support Staff
1873,Taylor Swift 1448,91872,Support Staff
1874,Taylor Swift 1449,91873,Support Staff
1875,Taylor Swift 1450,91874,Support Staff
1876,Taylor Swift 1451,91875,Support Staff
1877,Taylor Swift 1452,91876,Support Staff
1878,Taylor Swift 1453,91877,Support Staff
1879,Taylor Swift 1454,91878,Support Staff
1880,Taylor Swift 1455,91879,Support Staff
1881,Taylor Swift 1456,91880,Support Staff
1882,Taylor Swift 1457,91881,Support Staff
1883,Taylor Swift 1458,91882,Support Staff
1884,Taylor Swift 1459,91883,Support Staff
1885,Taylor Swift 1460,91884,Support Staff
1886,Taylor Swift 1461,91885,Support Staff
1887,Taylor Swift 1462,91886,Support Staff
1888,Taylor Swift 1463,91887,Support Staff
1889,Taylor Swift 1464,91888,Support Staff
1890,Taylor Swift 1465,91889,Support Staff
1891,Taylor Swift 1466,91890,Support Staff
1892,Taylor Swift 1467,91891,Support Staff
1893,Taylor Swift 1468,91892,Support Staff
1894,Taylor Swift 1469,91893,Support Staff
1895,Taylor Swift 1470,91894,Support Staff
1896,Taylor Swift 1471,91895,Support Staff
1897,Taylor Swift 1472,91896,Support Staff
1898,Taylor Swift 1473,91897,Support Staff
1899,Taylor Swift 1474,91898,Support Staff
1900,Taylor Swift 1475,91899,Support Staff
1901,Taylor Swift 1476,91900,Support Staff
1902,Taylor Swift 1477,91901,Support Staff
1903,Taylor Swift 1478,91902,Support Staff
1904,Taylor Swift 1479,91903,Support Staff
1905,Taylor Swift 1480,91904,Support Staff
1906,Taylor Swift 1481,91905,Support Staff
1907,Taylor Swift 1482,91906,Support Staff
1908,Taylor Swift 1483,91907,Support Staff
1909,Taylor Swift 1484,91908,Support Staff
1910,Taylor Swift 1485,91909,Support Staff
1911,Taylor Swift 1486,91910,Support Staff
1912,Taylor Swift 1487,91911,Support Staff
1913,Taylor Swift 1488,91912,Support Staff
1914,Taylor Swift 1489,91913,Support Staff
1915,Taylor Swift 1490,91914,Support Staff
1916,Taylor Swift 1491,91915,Support Staff
1917,Taylor Swift 1492,91916,Support Staff
1918,Taylor Swift 1493,91917,Support Staff
1919,Taylor Swift 1494,91918,Support Staff
1920,Taylor Swift 1495,91919,Support Staff
1921,Taylor Swift 1496,91920,Support Staff
1922,Taylor Swift 1497,91921,Support Staff
1923,Taylor Swift 1498,91922,Support Staff
1924,Taylor Swift 1499,91923,Support Staff
1925,Taylor Swift 1500,91924,Support Staff
1926,Taylor Swift 1501,91925,Support Staff
1927,Taylor Swift 1502,91926,Support Staff
1928,Taylor Swift 1503,91927,Support Staff
1929,Taylor Swift 1504,91928,Support Staff
1930,Taylor Swift 1505,91929,Support Staff
1931,Taylor Swift 1506,91930,Support Staff
1932,Taylor Swift 1507,91931,Support Staff
1933,Taylor Swift 1508,91932,Support Staff
1934,Taylor Swift 1509,91933,Support Staff
1935,Taylor Swift 1510,91934,Support Staff
1936,Taylor Swift 1511,91935,Support Staff
1937,Taylor Swift 1512,91936,Support Staff
1938,Taylor Swift 1513,91937,Support Staff
1939,Taylor Swift 1514,91938,Support Staff
1940,Taylor Swift 1515,91939,Support Staff
1941,Taylor Swift 1516,91940,Support Staff
1942,Taylor Swift 1517,91941,Support Staff
1943,Taylor Swift 1518,91942,Support Staff
1944,Taylor Swift 1519,91943,Support Staff
1945,Taylor Swift 1520,91944,Support Staff
1946,Taylor Swift 1521,91945,Support Staff
1947,Taylor Swift 1522,91946,Support Staff
1948,Taylor Swift 1523,91947,Support Staff
1949,Taylor Swift 1524,91948,Support Staff
1950,Taylor Swift 1525,91949,Support Staff
1951,Taylor Swift 1526,91950,Support Staff
1952,Taylor Swift 1527,91951,Support Staff
1953,Taylor Swift 1528,91952,Support Staff
1954,Taylor Swift 1529,91953,Support Staff
1955,Taylor Swift 1530,91954,Support Staff
1956,Taylor Swift 1531,91955,Support Staff
1957,Taylor Swift 1532,91956,Support Staff
1958,Taylor Swift 1533,91957,Support Staff
1959,Taylor Swift 1534,91958,Support Staff
1960,Taylor Swift 1535,91959,Support Staff
1961,Taylor Swift 1536,91960,Support Staff
1962,Taylor Swift 1537,91961,Support Staff
1963,Taylor Swift 1538,91962,Support Staff
1964,Taylor Swift 1539,91963,Support Staff
1965,Taylor Swift 1540,91964,Support Staff
1966,Taylor Swift 1541,91965,Support Staff
1967,Taylor Swift 1542,91966,Support Staff
1968,Taylor Swift 1543,91967,Support Staff
1969,Taylor Swift 1544,91968,Support Staff
1970,Taylor Swift 1545,91969,Support Staff
1971,Taylor Swift 1546,91970,Support Staff
1972,Taylor Swift 1547,91971,Support Staff
1973,Taylor Swift 1548,91972,Support Staff
1974,Taylor Swift 1549,91973,Support Staff
1975,Taylor Swift 1550,91974,Support Staff
1976,Taylor Swift 1551,91975,Support Staff
1977,Taylor Swift 1552,91976,Support Staff
1978,Taylor Swift 1553,91977,Support Staff
1979,Taylor Swift 1554,91978,Support Staff
1980,Taylor Swift 1555,91979,Support Staff
1981,Taylor Swift 1556,91980,Support Staff
1982,Taylor Swift 1557,91981,Support Staff
1983,Taylor Swift 1558,91982,Support Staff
1984,Taylor Swift 1559,91983,Support Staff
1985,Taylor Swift 1560,91984,Support Staff
1986,Taylor Swift 1561,91985,Support Staff
1987,Taylor Swift 1562,91986,Support Staff
1988,Taylor Swift 1563,91987,Support Staff
1989,Taylor Swift 1564,91988,Support Staff
1990,Taylor Swift 1565,91989,Support Staff
1991,Taylor Swift 1566,91990,Support Staff
1992,Taylor Swift 1567,91991,Support Staff
1993,Taylor Swift 1568,91992,Support Staff
1994,Taylor Swift 1569,91993,Support Staff
1995,Taylor Swift 1570,91994,Support Staff
1996,Taylor Swift 1571,91995,Support Staff
1997,Taylor Swift 1572,91996,Support Staff
1998,Taylor Swift 1573,91997,Support Staff
1999,Taylor Swift 1574,91998,Support Staff
2000,Taylor Swift 1575,91999,Support Staff
